event_id,epoch,discos_event_type,n_objects,collision_source,parent_norad_id,parent_name,object_class,n_cataloged,count_method,n_debris_satcat_prefix,event_type,explosion_cause,included,reason,impactor_norad_id
discos-50,1961-06-29,Propulsion,1,,118.0,Able-Star (Thor-Ablestar),Rocket Body,324.0,DISCOS cataloguedFragments,316.0,explosion,propulsion,True,,
discos-51,1962-10-29,Propulsion,1,,443.0,Sputnik 22,Payload,23.0,DISCOS cataloguedFragments,23.0,explosion,propulsion,True,,
discos-52,1963-11-27,Propulsion,1,,694.0,CENTAUR C (Atlas LV3C),Rocket Body,17.0,DISCOS cataloguedFragments,16.0,explosion,propulsion,True,,
discos-54,1964-11-05,Payload Recovery Failure,1,,919.0,Cosmos-50,Payload,93.0,DISCOS cataloguedFragments,95.0,explosion,deliberate,True,,
discos-55,1965-02-22,Deliberate,1,,1093.0,Cosmos-57,Payload,166.0,DISCOS cataloguedFragments,166.0,explosion,deliberate,True,,
discos-56,1965-03-15,Unknown,1,,1270.0,Cosmos 3 second stage (S3) (Cosmos 1 (65S3)),Rocket Body,146.0,DISCOS cataloguedFragments,146.0,explosion,unknown,True,,
discos-864,1965-10-15,Propulsion,1,,1822.0,Titan Transtage (Titan IIIC),Rocket Body,492.0,DISCOS cataloguedFragments,472.0,explosion,propulsion,True,,
discos-291,1965-12-21,Titan Transtage,1,,1863.0,Titan Transtage (OV2 3) (Titan IIIC),Rocket Body,113.0,DISCOS cataloguedFragments,108.0,explosion,propulsion,True,,
discos-58,1966-01-15,Unknown,1,,1706.0,Cosmos-95,Payload,21.0,DISCOS cataloguedFragments,22.0,explosion,unknown,True,,
discos-59,1966-02-15,Unknown,1,,2015.0,OPS 3031 (Bluebell 2S),Payload,37.0,DISCOS cataloguedFragments,37.0,explosion,unknown,True,,
discos-60,1966-06-15,Unknown,1,,2188.0,ATLAS MA-5 (Atlas SLV3),Rocket Body,50.0,DISCOS cataloguedFragments,52.0,explosion,unknown,True,,
discos-63,1966-07-05,Deliberate,1,,2289.0,Saturn IVB (S-IB) (Saturn IB),Rocket Body,33.0,DISCOS cataloguedFragments,34.0,explosion,deliberate,True,,
discos-64,1966-09-18,Deliberate,1,,2437.0,Cosmos U-1 (OGCh),Payload,49.0,DISCOS cataloguedFragments,51.0,explosion,deliberate,True,,
discos-65,1966-11-02,Deliberate,1,,2543.0,Cosmos U-2 warhead(OGCh),Payload,37.0,DISCOS cataloguedFragments,40.0,explosion,deliberate,True,,
discos-422,1966-12-16,Transit Class,1,,959.0,SN 43 (Transit VE-5),Payload,11.0,DISCOS cataloguedFragments,16.0,,,False,not a structural breakup,
discos-513,1967-02-12,Delta Upper Stage,1,,1729.0,FW-4D (Delta E),Rocket Body,0.0,DISCOS cataloguedFragments,6.0,explosion,propulsion,True,,
discos-798,1967-05-26,Unknown,1,,2801.0,Cosmos-158,Payload,2.0,DISCOS cataloguedFragments,2.0,explosion,unknown,True,,
discos-831,1967-11-05,Unknown,1,,3021.0,Cosmos-189,Payload,12.0,DISCOS cataloguedFragments,9.0,explosion,unknown,True,,
discos-836,1968-01-21,Unknown,1,,3100.0,Cosmos-200,Payload,6.0,DISCOS cataloguedFragments,6.0,explosion,unknown,True,,
discos-66,1968-01-24,Deliberate,1,,3099.0,Cosmos-199 equipment bay (Priborniy otsek),Payload Mission Related Object,1.0,DISCOS cataloguedFragments,2.0,explosion,deliberate,True,,
discos-819,1968-03-25,Unknown,1,,3129.0,Cosmos-203,Payload,1.0,DISCOS cataloguedFragments,1.0,explosion,unknown,True,,
discos-67,1968-04-13,Propulsion,1,,3171.0,Saturn IVB (S-V) (Saturn V),Rocket Body,15.0,DISCOS cataloguedFragments,15.0,explosion,propulsion,True,,
discos-71,1968-10-20,ASAT,1,,3504.0,Cosmos-249,Payload,120.0,DISCOS cataloguedFragments,107.0,explosion,deliberate,True,,
discos-72,1968-11-01,ASAT,1,,3530.0,Cosmos-252,Payload,162.0,DISCOS cataloguedFragments,138.0,explosion,deliberate,True,,
discos-70,1968-11-01,ASAT,1,,3503.0,Cosmos-248,Payload,4.0,DISCOS cataloguedFragments,4.0,explosion,deliberate,True,,
discos-859,1969-01-17,Unknown,1,,3526.0,Cosmos-250,Payload,5.0,DISCOS cataloguedFragments,5.0,explosion,unknown,True,,
discos-840,1969-03-07,Unknown,1,,3776.0,Cosmos 3 second stage (S3) (Cosmos 3M (11K65M)),Rocket Body,21.0,DISCOS cataloguedFragments,21.0,explosion,unknown,True,,
discos-73,1969-03-28,Unknown,1,,3836.0,Vostok 8A92M-2 (Vostok SL-3 (A-1)),Rocket Body,38.0,DISCOS cataloguedFragments,36.0,explosion,unknown,True,,
discos-74,1969-07-26,Propulsion,1,,4052.0,Star 37D (Delta M),Rocket Body,23.0,DISCOS cataloguedFragments,21.0,explosion,propulsion,True,,
discos-857,1969-09-06,Unknown,1,,4070.0,Cosmos-292,Payload,2.0,DISCOS cataloguedFragments,2.0,explosion,unknown,True,,
discos-75,1969-10-04,Unknown,1,,4159.0,Agena D (Thorad-Agena D),Rocket Body,275.0,DISCOS cataloguedFragments,261.0,explosion,unknown,True,,
discos-822,1969-12-20,Unknown,1,,4273.0,Cosmos-315,Payload,4.0,DISCOS cataloguedFragments,4.0,explosion,unknown,True,,
discos-846,1970-09-01,Unknown,1,,4497.0,Cosmos-358,Payload,1.0,DISCOS cataloguedFragments,1.0,explosion,unknown,True,,
discos-76,1970-10-17,Unknown,1,,4367.0,Agena D (Thorad-Agena D),Rocket Body,464.0,DISCOS cataloguedFragments,441.0,explosion,unknown,True,,
discos-77,1970-10-23,ASAT,1,,4594.0,Cosmos-374,Payload,114.0,DISCOS cataloguedFragments,98.0,explosion,deliberate,True,,
discos-78,1970-10-30,ASAT,1,,4598.0,Cosmos-375,Payload,46.0,DISCOS cataloguedFragments,46.0,explosion,deliberate,True,,
discos-812,1970-12-17,Unknown,1,,4806.0,Cosmos-387,Payload,3.0,DISCOS cataloguedFragments,3.0,explosion,unknown,True,,
discos-847,1971-01-03,Unknown,1,,4783.0,Cosmos-381,Payload,4.0,DISCOS cataloguedFragments,5.0,explosion,unknown,True,,
discos-874,1971-02-01,Propulsion,1,,2643.0,FW-4D (Delta E),Rocket Body,0.0,DISCOS cataloguedFragments,18.0,explosion,propulsion,True,,
discos-832,1971-02-11,Unknown,1,,4922.0,Cosmos-394,Payload,1.0,DISCOS cataloguedFragments,1.0,explosion,unknown,True,,
discos-79,1971-02-25,ASAT,1,,4964.0,Cosmos-397,Payload,138.0,DISCOS cataloguedFragments,115.0,explosion,deliberate,True,,
discos-808,1971-03-02,Unknown,1,,4955.0,Cosmos-395,Payload,3.0,DISCOS cataloguedFragments,3.0,explosion,unknown,True,,
discos-816,1971-03-19,Unknown,1,,5050.0,Cosmos-400,Payload,1.0,DISCOS cataloguedFragments,1.0,explosion,unknown,True,,
discos-845,1971-05-29,Unknown,1,,5253.0,Cosmos-425,Payload,4.0,DISCOS cataloguedFragments,4.0,explosion,unknown,True,,
discos-844,1971-06-14,Unknown,1,,5174.0,Cosmos-407,Payload,4.0,DISCOS cataloguedFragments,4.0,explosion,unknown,True,,
discos-807,1971-08-24,Unknown,1,,5281.0,Cosmos-426,Payload,4.0,DISCOS cataloguedFragments,4.0,explosion,unknown,True,,
discos-805,1971-09-07,Unknown,1,,5461.0,Cosmos-436,Payload,13.0,DISCOS cataloguedFragments,13.0,explosion,unknown,True,,
discos-837,1971-11-30,Unknown,1,,5625.0,Cosmos-459,Payload,1.0,DISCOS cataloguedFragments,1.0,explosion,unknown,True,,
discos-854,1971-12-01,Unknown,1,,5628.0,Cosmos-460,Payload,1.0,DISCOS cataloguedFragments,1.0,explosion,unknown,True,,
discos-80,1971-12-03,ASAT,1,,5646.0,Cosmos-462,Payload,26.0,DISCOS cataloguedFragments,26.0,explosion,deliberate,True,,
discos-848,1971-12-04,Unknown,1,,5643.0,Cosmos-461,Payload,2.0,DISCOS cataloguedFragments,2.0,explosion,unknown,True,,
discos-843,1972-03-23,Unknown,1,,5894.0,Cosmos-479,Payload,3.0,DISCOS cataloguedFragments,3.0,explosion,unknown,True,,
discos-820,1972-04-15,Unknown,1,,5729.0,Aureole 1,Payload,2.0,DISCOS cataloguedFragments,3.0,explosion,unknown,True,,
discos-841,1972-07-12,Unknown,1,,6097.0,Cosmos-500,Payload,3.0,DISCOS cataloguedFragments,4.0,explosion,unknown,True,,
discos-830,1972-08-30,Unknown,1,,6148.0,Cosmos-514,Payload,2.0,DISCOS cataloguedFragments,2.0,explosion,unknown,True,,
discos-804,1972-10-04,Unknown,1,,6206.0,Cosmos-521,Payload,1.0,DISCOS cataloguedFragments,1.0,explosion,unknown,True,,
discos-809,1972-11-25,Unknown,1,,3818.0,Cosmos-272,Payload,1.0,DISCOS cataloguedFragments,1.0,explosion,unknown,True,,
discos-824,1973-01-29,Unknown,1,,6343.0,Cosmos-544,Payload,2.0,DISCOS cataloguedFragments,2.0,explosion,unknown,True,,
discos-842,1973-03-11,Unknown,1,,6373.0,Cosmos-549,Payload,1.0,DISCOS cataloguedFragments,1.0,explosion,unknown,True,,
discos-82,1973-04-03,Propulsion,1,,6399.0,Proton-K 8S812,Rocket Body,24.0,DISCOS cataloguedFragments,24.0,explosion,propulsion,True,,
discos-83,1973-05-06,Payload Recovery Failure,1,,6432.0,Cosmos-554,Payload,192.0,DISCOS cataloguedFragments,195.0,explosion,deliberate,True,,
discos-525,1973-11-15,Delta Upper Stage,1,,3616.0,Delta E (Delta N),Rocket Body,17.0,DISCOS cataloguedFragments,19.0,explosion,propulsion,True,,
discos-850,1973-12-05,Unknown,1,,6950.0,Cosmos-610,Payload,1.0,DISCOS cataloguedFragments,1.0,explosion,unknown,True,,
discos-84,1973-12-28,Delta Upper Stage,1,,6921.0,DSV-3H-4 (Delta 300),Rocket Body,242.0,DISCOS cataloguedFragments,221.0,explosion,propulsion,True,,
discos-835,1974-02-11,Unknown,1,,7109.0,Cosmos-631,Payload,3.0,DISCOS cataloguedFragments,3.0,explosion,unknown,True,,
discos-802,1974-05-18,Unknown,1,,7299.0,Intercosmos 11,Payload,1.0,DISCOS cataloguedFragments,1.0,explosion,unknown,True,,
discos-852,1974-05-21,Unknown,1,,7306.0,Cosmos-655,Payload,7.0,DISCOS cataloguedFragments,6.0,explosion,unknown,True,,
discos-814,1974-11-25,Unknown,1,,7433.0,Cosmos-676,Payload,2.0,DISCOS cataloguedFragments,3.0,explosion,unknown,True,,
discos-825,1974-12-21,Unknown,1,,7576.0,Cosmos-698,Payload,6.0,DISCOS cataloguedFragments,7.0,explosion,unknown,True,,
discos-86,1975-04-17,Cosmos 699 Class (EORSAT),1,,7587.0,Cosmos-699,Payload,,ambiguous: object in 2 DISCOS events,49.0,explosion,unknown,True,,
discos-81,1975-05-22,Delta Upper Stage,1,,6127.0,DSV-3H-4 (Delta 900),Rocket Body,262.0,DISCOS cataloguedFragments,244.0,explosion,propulsion,True,,
discos-881,1975-06-15,Unknown,1,,869.0,Cosmos-41,Payload,,ambiguous: object in 2 DISCOS events,17.0,explosion,unknown,True,,
discos-61,1975-07-12,Unknown,1,,2253.0,PAGEOS 1,Payload,,ambiguous: object in 6 DISCOS events,80.0,explosion,unknown,True,,
discos-813,1975-07-31,Unknown,1,,7753.0,Cosmos 3 second stage (S3) (Cosmos 3M (11K65M)),Rocket Body,2.0,DISCOS cataloguedFragments,2.0,explosion,unknown,True,,
discos-87,1975-08-02,Cosmos 699 Class (EORSAT),1,,7587.0,Cosmos-699,Payload,,ambiguous: object in 2 DISCOS events,49.0,explosion,unknown,True,,
discos-853,1975-08-20,Unknown,1,,8009.0,Cosmos-749,Payload,1.0,DISCOS cataloguedFragments,1.0,explosion,unknown,True,,
discos-85,1975-08-20,Propulsion,1,,7532.0,DELTA P (Delta 2310),Rocket Body,191.0,DISCOS cataloguedFragments,184.0,explosion,propulsion,True,,
discos-91,1975-09-06,Payload Recovery Failure,1,,8191.0,Cosmos-758,Payload,75.0,DISCOS cataloguedFragments,75.0,explosion,deliberate,True,,
discos-828,1975-11-22,Unknown,1,,8444.0,Cosmos-781,Payload,8.0,DISCOS cataloguedFragments,9.0,explosion,unknown,True,,
discos-800,1975-12-13,Unknown,1,,8471.0,Intercosmos 14,Payload,4.0,DISCOS cataloguedFragments,4.0,explosion,unknown,True,,
discos-860,1976-01-06,Unknown,1,,8530.0,Cosmos-787,Payload,8.0,DISCOS cataloguedFragments,8.0,explosion,unknown,True,,
discos-62,1976-01-20,Unknown,1,,2253.0,PAGEOS 1,Payload,,ambiguous: object in 6 DISCOS events,80.0,explosion,unknown,True,,
discos-92,1976-01-25,Cosmos 699 Class (EORSAT),1,,8416.0,Cosmos-777,Payload,86.0,DISCOS cataloguedFragments,61.0,explosion,unknown,True,,
discos-88,1976-02-09,Delta Upper Stage,1,,7616.0,DELTA P (Delta 2910),Rocket Body,,ambiguous: object in 2 DISCOS events,206.0,explosion,propulsion,True,,
discos-801,1976-03-24,Unknown,1,,5466.0,Cosmos-437,Payload,1.0,DISCOS cataloguedFragments,1.0,explosion,unknown,True,,
discos-413,1976-05-03,Meteor Class,1,,5731.0,Meteor 1-10,Payload,14.0,DISCOS cataloguedFragments,20.0,explosion,unknown,True,,
discos-89,1976-06-19,Delta Upper Stage,1,,7616.0,DELTA P (Delta 2910),Rocket Body,,ambiguous: object in 2 DISCOS events,206.0,explosion,propulsion,True,,
discos-95,1976-07-25,Payload Recovery Failure,1,,9046.0,Cosmos-844,Payload,247.0,DISCOS cataloguedFragments,247.0,explosion,deliberate,True,,
discos-829,1976-08-06,Unknown,1,,9053.0,Cosmos-845,Payload,6.0,DISCOS cataloguedFragments,6.0,explosion,unknown,True,,
discos-791,1976-09-10,Unknown,1,,2253.0,PAGEOS 1,Payload,,ambiguous: object in 6 DISCOS events,80.0,explosion,unknown,True,,
discos-821,1976-12-02,Unknown,1,,9573.0,Cosmos-870,Payload,6.0,DISCOS cataloguedFragments,4.0,explosion,unknown,True,,
discos-100,1976-12-27,ASAT,1,,9634.0,Cosmos-886,Payload,84.0,DISCOS cataloguedFragments,77.0,explosion,deliberate,True,,
discos-99,1976-12-29,Deliberate,1,,9614.0,Cosmos-884,Payload,1.0,DISCOS cataloguedFragments,4.0,explosion,deliberate,True,,
discos-858,1977-02-16,Unknown,1,,9833.0,Cosmos-893,Payload,2.0,DISCOS cataloguedFragments,2.0,explosion,unknown,True,,
discos-826,1977-02-16,Unknown,1,,8794.0,Cosmos-812,Payload,2.0,DISCOS cataloguedFragments,2.0,explosion,unknown,True,,
discos-97,1977-03-15,Cosmos 862 Class (Explosive Charge),1,,9495.0,Cosmos-862,Payload,12.0,DISCOS cataloguedFragments,13.0,explosion,deliberate,True,,
discos-810,1977-03-28,Unknown,1,,9883.0,Cosmos-899,Payload,1.0,DISCOS cataloguedFragments,1.0,explosion,unknown,True,,
discos-93,1977-05-17,Cosmos 699 Class (EORSAT),1,,8932.0,Cosmos-838,Payload,41.0,DISCOS cataloguedFragments,39.0,explosion,unknown,True,,
discos-818,1977-05-21,Unknown,1,,10010.0,Cosmos-909,Payload,1.0,DISCOS cataloguedFragments,1.0,explosion,unknown,True,,
discos-103,1977-07-14,Delta Upper Stage,1,,10144.0,DELTA P (Delta 2914),Rocket Body,204.0,DISCOS cataloguedFragments,180.0,explosion,propulsion,True,,
discos-851,1977-08-08,Unknown,1,,10129.0,Cosmos-924,Payload,2.0,DISCOS cataloguedFragments,2.0,explosion,unknown,True,,
discos-94,1977-09-29,Battery,1,,9011.0,Cosmos-839,Payload,75.0,DISCOS cataloguedFragments,70.0,explosion,battery,True,,
discos-104,1977-10-24,Cosmos 862 Class (Explosive Charge),1,,10150.0,Cosmos-931,Payload,6.0,DISCOS cataloguedFragments,6.0,explosion,deliberate,True,,
discos-106,1977-12-21,ASAT,1,,10531.0,Cosmos-970,Payload,121.0,DISCOS cataloguedFragments,120.0,explosion,deliberate,True,,
discos-96,1977-12-24,Delta Upper Stage,1,,9063.0,DELTA P (Delta 2310),Rocket Body,192.0,DISCOS cataloguedFragments,184.0,explosion,propulsion,True,,
discos-833,1978-01-29,Unknown,1,,10599.0,Cosmos-985,Payload,3.0,DISCOS cataloguedFragments,2.0,explosion,unknown,True,,
discos-410,1978-03-11,Delta Upper Stage,1,,7735.0,DELTA P (Delta 1410),Rocket Body,3.0,DISCOS cataloguedFragments,3.0,explosion,propulsion,True,,
discos-803,1978-05-18,Unknown,1,,10898.0,Cosmos-1008,Payload,4.0,DISCOS cataloguedFragments,4.0,explosion,unknown,True,,
discos-101,1978-06-08,Cosmos 862 Class (Explosive Charge),1,,9911.0,Cosmos-903,Payload,5.0,DISCOS cataloguedFragments,6.0,explosion,deliberate,True,,
discos-789,1978-06-15,Unknown,1,,2253.0,PAGEOS 1,Payload,,ambiguous: object in 6 DISCOS events,80.0,explosion,unknown,True,,
discos-105,1978-06-23,Battery,1,,10365.0,Ekran 2,Payload,7.0,DISCOS cataloguedFragments,9.0,explosion,battery,True,,
discos-108,1978-10-10,Cosmos 862 Class (Explosive Charge),1,,11015.0,Cosmos-1030,Payload,,ambiguous: object in 2 DISCOS events,13.0,explosion,deliberate,True,,
discos-98,1978-11-27,Battery,1,,9601.0,Cosmos-880,Payload,48.0,DISCOS cataloguedFragments,49.0,explosion,battery,True,,
discos-806,1978-12-15,Unknown,1,,11150.0,Cosmos-1062,Payload,1.0,DISCOS cataloguedFragments,1.0,explosion,unknown,True,,
discos-355,1979-02-06,Collision,1,Ayame 1 contact with its own stage. TODO: impactor mass and v_rel,11261.0,Ayame 1,Payload,3.0,DISCOS cataloguedFragments,3.0,collision,,True,,
discos-102,1979-03-30,Cosmos 862 Class (Explosive Charge),1,,10059.0,Cosmos-917,Payload,16.0,DISCOS cataloguedFragments,17.0,explosion,deliberate,True,,
discos-114,1979-09-09,Cosmos 862 Class (Explosive Charge),1,,11509.0,Cosmos-1124,Payload,6.0,DISCOS cataloguedFragments,6.0,explosion,deliberate,True,,
discos-112,1979-09-17,Cosmos 699 Class (EORSAT),1,,11333.0,Cosmos-1094,Payload,1.0,DISCOS cataloguedFragments,1.0,explosion,unknown,True,,
discos-424,1979-11-01,Anomalous,1,,,Snapshot + Atlas SLV-3 Agena D stage 2,Payload,158.0,DISCOS cataloguedFragments,,,,False,not a structural breakup,
discos-486,1979-12-11,Propulsion,1,,11635.0,RCA Satcom III,Payload,27.0,DISCOS cataloguedFragments,26.0,explosion,propulsion,True,,
discos-53,1979-12-15,Unknown,1,,746.0,Elektron 1,Payload,27.0,DISCOS cataloguedFragments,26.0,explosion,unknown,True,,
discos-113,1980-02-15,Cosmos 862 Class (Explosive Charge),1,,11417.0,Cosmos-1109,Payload,19.0,DISCOS cataloguedFragments,20.0,explosion,deliberate,True,,
discos-368,1980-02-22,Propulsion,1,,11715.0,Ayame 2,Payload,5.0,DISCOS cataloguedFragments,3.0,explosion,propulsion,True,,
discos-115,1980-03-31,Ariane Upper Stage,1,,11659.0,H8 (Ariane 1),Rocket Body,34.0,DISCOS cataloguedFragments,33.0,explosion,propulsion,True,,
discos-823,1980-04-07,Unknown,1,,11750.0,Cosmos-1171,Payload,1.0,DISCOS cataloguedFragments,1.0,explosion,unknown,True,,
discos-351,1980-04-15,Transit Class,1,,1952.0,"Transit 11 (NNS 30070, OPS 1593)",Payload,,ambiguous: object in 3 DISCOS events,11.0,,,False,not a structural breakup,
discos-118,1980-04-18,ASAT,1,,11765.0,Cosmos-1174,Payload,49.0,DISCOS cataloguedFragments,45.0,explosion,deliberate,True,,
discos-485,1980-08-15,Transit Class,1,,1420.0,"Transit 5B-6 (NNS 30040, OPS 8480)",Payload,,ambiguous: object in 4 DISCOS events,13.0,,,False,not a structural breakup,
discos-487,1980-08-17,Transit Class,1,,1420.0,"Transit 5B-6 (NNS 30040, OPS 8480)",Payload,,ambiguous: object in 4 DISCOS events,13.0,,,False,not a structural breakup,
discos-573,1980-09-10,RORSAT Reactor Core Ejection Class,1,,11788.0,Cosmos-1176,Payload,2.0,DISCOS cataloguedFragments,5.0,,,False,not a structural breakup,
discos-372,1980-09-15,Transit Class,1,,1952.0,"Transit 11 (NNS 30070, OPS 1593)",Payload,,ambiguous: object in 3 DISCOS events,11.0,,,False,not a structural breakup,
discos-838,1980-10-16,Unknown,1,,12016.0,Cosmos-1215,Payload,2.0,DISCOS cataloguedFragments,2.0,explosion,unknown,True,,
discos-509,1980-11-15,Anomalous,1,,1271.0,Greb 6,Payload,2.0,DISCOS cataloguedFragments,2.0,,,False,not a structural breakup,
discos-499,1980-12-15,Transit Class,1,,801.0,Transit 5C (OPS 4412),Payload,,ambiguous: object in 4 DISCOS events,7.0,,,False,not a structural breakup,
discos-444,1980-12-15,Anomalous,1,,,Snapshot + Atlas SLV-3 Agena D stage 2 fragmentation debris,Payload Fragmentation Debris,1.0,DISCOS cataloguedFragments,,,,False,not a structural breakup,
discos-839,1981-01-21,Unknown,1,,12149.0,Cosmos-1241,Payload,1.0,DISCOS cataloguedFragments,1.0,explosion,unknown,True,,
discos-107,1981-01-27,Delta Upper Stage,1,,10704.0,DELTA P (Delta 2910),Rocket Body,262.0,DISCOS cataloguedFragments,248.0,explosion,propulsion,True,,
discos-865,1981-03-08,Unconfirmed,1,,11940.0,Transtage 24 (Titan IIIC),Rocket Body,0.0,DISCOS cataloguedFragments,0.0,,,False,not a structural breakup,
discos-126,1981-03-31,Cosmos 862 Class (Explosive Charge),1,,12376.0,Cosmos-1261,Payload,10.0,DISCOS cataloguedFragments,11.0,explosion,deliberate,True,,
discos-334,1981-04-15,Transit Class,1,,2965.0,"Transit 17 (NNS 30140, OPS 4947)",Payload,,ambiguous: object in 2 DISCOS events,9.0,,,False,not a structural breakup,
discos-745,1981-04-23,Battery,1,,11561.0,Ekran 4,Payload,0.0,DISCOS cataloguedFragments,0.0,explosion,battery,True,,
discos-577,1981-04-29,RORSAT Reactor Core Ejection Class,1,,12409.0,Cosmos-1266,Payload,1.0,DISCOS cataloguedFragments,4.0,,,False,not a structural breakup,
discos-119,1981-05-14,Cosmos 862 Class (Explosive Charge),1,,11871.0,Cosmos-1191,Payload,10.0,DISCOS cataloguedFragments,11.0,explosion,deliberate,True,,
discos-344,1981-06-15,Transit Class,1,,1420.0,"Transit 5B-6 (NNS 30040, OPS 8480)",Payload,,ambiguous: object in 4 DISCOS events,13.0,,,False,not a structural breakup,
discos-574,1981-06-19,RORSAT Reactor Core Ejection Class,1,,12319.0,Cosmos-1249,Payload,18.0,DISCOS cataloguedFragments,20.0,,,False,not a structural breakup,
discos-328,1981-07-15,Transit Class,1,,2119.0,"Transit 12 (NNS 30080, OPS 1117)",Payload,2.0,DISCOS cataloguedFragments,4.0,,,False,not a structural breakup,
discos-116,1981-07-15,Cosmos 699 Class (EORSAT),1,,11729.0,Cosmos-1167,Payload,11.0,DISCOS cataloguedFragments,11.0,explosion,unknown,True,,
discos-127,1981-07-24,Battery,1,,12504.0,Cosmos-1275,Payload,486.0,DISCOS cataloguedFragments,478.0,explosion,battery,True,,
discos-336,1981-08-15,Anomalous,1,,,Snapshot + Atlas SLV-3 Agena D stage 2 fragmentation debris,Payload Fragmentation Debris,1.0,DISCOS cataloguedFragments,,,,False,not a structural breakup,
discos-566,1981-09-05,RORSAT Reactor Core Ejection Class,1,,12783.0,Cosmos-1299,Payload,0.0,DISCOS cataloguedFragments,3.0,,,False,not a structural breakup,
discos-131,1981-09-11,Propulsion,1,,12827.0,Blok-ML (Molniya-M Blok-ML),Rocket Body,9.0,DISCOS cataloguedFragments,10.0,explosion,propulsion,True,,
discos-123,1981-10-20,Cosmos 862 Class (Explosive Charge),1,,12303.0,Cosmos-1247,Payload,8.0,DISCOS cataloguedFragments,9.0,explosion,deliberate,True,,
discos-129,1981-11-21,Cosmos 862 Class (Explosive Charge),1,,12627.0,Cosmos-1285,Payload,24.0,DISCOS cataloguedFragments,25.0,explosion,deliberate,True,,
discos-109,1981-12-26,Delta Upper Stage,1,,11081.0,DELTA P (Delta 2910),Rocket Body,2.0,DISCOS cataloguedFragments,2.0,explosion,propulsion,True,,
discos-124,1982-05-08,Cosmos 699 Class (EORSAT),1,,12364.0,Cosmos-1260,Payload,,ambiguous: object in 2 DISCOS events,67.0,explosion,unknown,True,,
discos-121,1982-06-20,Cosmos 699 Class (EORSAT),1,,12054.0,Cosmos-1220,Payload,,ambiguous: object in 2 DISCOS events,82.0,explosion,unknown,True,,
discos-132,1982-07-12,Cosmos 699 Class (EORSAT),1,,12828.0,Cosmos-1306,Payload,7.0,DISCOS cataloguedFragments,7.0,explosion,unknown,True,,
discos-481,1982-07-15,Transit Class,1,,801.0,Transit 5C (OPS 4412),Payload,,ambiguous: object in 4 DISCOS events,7.0,,,False,not a structural breakup,
discos-125,1982-08-10,Cosmos 699 Class (EORSAT),1,,12364.0,Cosmos-1260,Payload,,ambiguous: object in 2 DISCOS events,67.0,explosion,unknown,True,,
discos-578,1982-08-11,RORSAT Reactor Core Ejection Class,1,,13243.0,Cosmos-1372,Payload,0.0,DISCOS cataloguedFragments,3.0,,,False,not a structural breakup,
discos-122,1982-08-25,Cosmos 699 Class (EORSAT),1,,12054.0,Cosmos-1220,Payload,,ambiguous: object in 2 DISCOS events,82.0,explosion,unknown,True,,
discos-133,1982-09-18,Cosmos 699 Class (EORSAT),1,,13387.0,Cosmos-1306 fragmentation debris,Payload Fragmentation Debris,0.0,DISCOS cataloguedFragments,7.0,explosion,unknown,True,,
discos-563,1982-09-27,RORSAT Reactor Core Ejection Class,1,,13175.0,Cosmos-1365,Payload,0.0,DISCOS cataloguedFragments,5.0,,,False,not a structural breakup,
discos-130,1982-09-29,Cosmos 699 Class (EORSAT),1,,12631.0,Cosmos-1286,Payload,1.0,DISCOS cataloguedFragments,1.0,explosion,unknown,True,,
discos-576,1982-11-10,RORSAT Reactor Core Ejection Class,1,,13600.0,Cosmos-1412,Payload,1.0,DISCOS cataloguedFragments,5.0,,,False,not a structural breakup,
discos-140,1982-12-08,Propulsion,1,,13696.0,Blok-ML (Molniya-M Blok-ML),Rocket Body,29.0,DISCOS cataloguedFragments,30.0,explosion,propulsion,True,,
discos-706,1982-12-28,RORSAT Reactor Core Ejection Class,1,,13441.0,Cosmos-1402,Payload,0.0,DISCOS cataloguedFragments,2.0,,,False,not a structural breakup,
discos-120,1983-02-12,Cosmos 862 Class (Explosive Charge),1,,12032.0,Cosmos-1217,Payload,9.0,DISCOS cataloguedFragments,10.0,explosion,deliberate,True,,
discos-398,1983-03-15,Anomalous,1,,,Snapshot + Atlas SLV-3 Agena D stage 2 fragmentation debris,Payload Fragmentation Debris,1.0,DISCOS cataloguedFragments,,,,False,not a structural breakup,
discos-376,1983-06-23,Ariane Upper Stage,1,,14130.0,H8 (Ariane 1),Rocket Body,2.0,DISCOS cataloguedFragments,3.0,explosion,propulsion,True,,
discos-146,1983-07-09,Cosmos 862 Class (Explosive Charge),1,,14182.0,Cosmos-1481,Payload,8.0,DISCOS cataloguedFragments,9.0,explosion,deliberate,True,,
discos-405,1983-07-15,Transit Class,1,,1952.0,"Transit 11 (NNS 30070, OPS 1593)",Payload,,ambiguous: object in 3 DISCOS events,11.0,,,False,not a structural breakup,
discos-445,1983-07-26,Anomalous,1,,10967.0,Seasat 1,Payload,,ambiguous: object in 16 DISCOS events,21.0,,,False,not a structural breakup,
discos-135,1983-08-08,Cosmos 699 Class (EORSAT),1,,13150.0,Cosmos-1355,Payload,,ambiguous: object in 3 DISCOS events,28.0,explosion,unknown,True,,
discos-143,1983-08-13,Cosmos 862 Class (Explosive Charge),1,,14034.0,Cosmos-1456,Payload,3.0,DISCOS cataloguedFragments,6.0,explosion,deliberate,True,,
discos-343,1983-08-15,Anomalous,1,,,Snapshot + Atlas SLV-3 Agena D stage 2 fragmentation debris,Payload Fragmentation Debris,1.0,DISCOS cataloguedFragments,,,,False,not a structural breakup,
discos-856,1983-08-24,Unknown,1,,13758.0,Cosmos 3 second stage (S3) (Cosmos 3M (11K65M)),Rocket Body,1.0,DISCOS cataloguedFragments,1.0,explosion,unknown,True,,
discos-868,1983-11-05,Unconfirmed,1,,11436.0,Transtage 31 (Titan IIIC),Rocket Body,0.0,DISCOS cataloguedFragments,1.0,,,False,not a structural breakup,
discos-489,1983-11-15,Anomalous,1,,,Snapshot + Atlas SLV-3 Agena D stage 2 fragmentation debris,Payload Fragmentation Debris,1.0,DISCOS cataloguedFragments,,,,False,not a structural breakup,
discos-426,1983-12-04,DMSP/NOAA Class,1,,14506.0,DMSP Block 5D-2 F7,Payload,3.0,DISCOS cataloguedFragments,7.0,explosion,battery,True,,
discos-139,1983-12-20,Cosmos 699 Class (EORSAT),1,,13508.0,Cosmos-1405,Payload,31.0,DISCOS cataloguedFragments,31.0,explosion,unknown,True,,
discos-746,1983-12-23,Battery,1,,13554.0,Ekran 9,Payload,0.0,DISCOS cataloguedFragments,1.0,explosion,battery,True,,
discos-134,1984-01-28,Cosmos 862 Class (Explosive Charge),1,,12933.0,Cosmos-1317,Payload,10.0,DISCOS cataloguedFragments,11.0,explosion,deliberate,True,,
discos-136,1984-02-01,Cosmos 699 Class (EORSAT),1,,13150.0,Cosmos-1355,Payload,,ambiguous: object in 3 DISCOS events,28.0,explosion,unknown,True,,
discos-150,1984-02-03,Propulsion,1,,14694.0,PAM-D (Westar VI) (Challenger (OV-099)),Rocket Body,0.0,DISCOS cataloguedFragments,17.0,explosion,propulsion,True,,
discos-562,1984-02-05,Accidental,1,,14689.0,IRT,Payload,2.0,DISCOS cataloguedFragments,17.0,explosion,unknown,True,,
discos-149,1984-02-06,Propulsion,1,,14693.0,PAM-D (Palapa B2) (Challenger (OV-099)),Rocket Body,0.0,DISCOS cataloguedFragments,17.0,explosion,propulsion,True,,
discos-137,1984-02-20,Cosmos 699 Class (EORSAT),1,,13150.0,Cosmos-1355,Payload,,ambiguous: object in 3 DISCOS events,28.0,explosion,unknown,True,,
discos-467,1984-02-27,Ariane Upper Stage,1,,14423.0,H8 (Ariane 1),Rocket Body,2.0,DISCOS cataloguedFragments,1.0,explosion,propulsion,True,,
discos-353,1984-07-04,Ariane Upper Stage,1,,14787.0,H8 (Ariane 1),Rocket Body,9.0,DISCOS cataloguedFragments,7.0,explosion,propulsion,True,,
discos-449,1984-09-02,Cosmos 862 Class (Explosive Charge),1,,13124.0,Cosmos-1348,Payload,10.0,DISCOS cataloguedFragments,11.0,explosion,deliberate,True,,
discos-141,1984-09-03,Proton Ullage Motor,1,,13902.0,Proton-K/D-1 ullage motor (SOZ),Rocket Mission Related Object,1.0,DISCOS cataloguedFragments,0.0,explosion,propulsion,True,,
discos-790,1984-09-10,Unknown,1,,2253.0,PAGEOS 1,Payload,,ambiguous: object in 6 DISCOS events,80.0,explosion,unknown,True,,
discos-446,1984-09-18,Ariane Upper Stage,1,,15165.0,H10 (Ariane 3),Rocket Body,4.0,DISCOS cataloguedFragments,5.0,explosion,propulsion,True,,
discos-569,1984-09-27,RORSAT Reactor Core Ejection Class,1,,15085.0,Cosmos-1579,Payload,33.0,DISCOS cataloguedFragments,35.0,,,False,not a structural breakup,
discos-267,1984-11-20,Ariane Upper Stage,1,,15388.0,H10 (Ariane 3),Rocket Body,1.0,DISCOS cataloguedFragments,2.0,explosion,propulsion,True,,
discos-460,1985-01-15,Anomalous,1,,,Snapshot + Atlas SLV-3 Agena D stage 2 fragmentation debris,Payload Fragmentation Debris,1.0,DISCOS cataloguedFragments,,,,False,not a structural breakup,
discos-570,1985-02-01,RORSAT Reactor Core Ejection Class,1,,15378.0,Cosmos-1607,Payload,0.0,DISCOS cataloguedFragments,6.0,,,False,not a structural breakup,
discos-144,1985-03-11,Cosmos 699 Class (EORSAT),1,,14064.0,Cosmos-1461,Payload,,ambiguous: object in 2 DISCOS events,189.0,explosion,unknown,True,,
discos-145,1985-05-13,Cosmos 699 Class (EORSAT),1,,14064.0,Cosmos-1461,Payload,,ambiguous: object in 2 DISCOS events,189.0,explosion,unknown,True,,
discos-155,1985-06-21,Payload Recovery Failure,1,,15734.0,Cosmos-1654,Payload,17.0,DISCOS cataloguedFragments,17.0,explosion,deliberate,True,,
discos-111,1985-09-13,ASAT,1,"Solwind P78-1 / ASM-135 Miniature Homing Vehicle (14 kg, 24,000 km/h closing)",11278.0,Solwind,Payload,288.0,DISCOS cataloguedFragments,286.0,collision,,True,,
discos-138,1985-10-21,Battery,1,,13259.0,Cosmos-1375,Payload,62.0,DISCOS cataloguedFragments,62.0,explosion,battery,True,,
discos-565,1985-10-22,RORSAT Reactor Core Ejection Class,1,,15930.0,Cosmos-1670,Payload,1.0,DISCOS cataloguedFragments,5.0,,,False,not a structural breakup,
discos-571,1985-10-23,RORSAT Reactor Core Ejection Class,1,,15986.0,Cosmos-1677,Payload,0.0,DISCOS cataloguedFragments,3.0,,,False,not a structural breakup,
discos-159,1985-11-22,Battery,1,,16139.0,Cosmos-1691,Payload,20.0,DISCOS cataloguedFragments,20.0,explosion,battery,True,,
discos-792,1985-12-15,Unknown,1,,2253.0,PAGEOS 1,Payload,,ambiguous: object in 6 DISCOS events,80.0,explosion,unknown,True,,
discos-1,1985-12-28,Zenit-2 Upper Stage,1,,16439.0,Zenit-2 second stage,Rocket Body,2.0,DISCOS cataloguedFragments,5.0,explosion,propulsion,True,,
discos-142,1985-12-30,DMSP/NOAA Class,1,,13923.0,NOAA 8,Payload,10.0,DISCOS cataloguedFragments,12.0,explosion,battery,True,,
discos-151,1986-02-23,Cosmos 699 Class (EORSAT),1,,15167.0,Cosmos-1588,Payload,44.0,DISCOS cataloguedFragments,44.0,explosion,unknown,True,,
discos-364,1986-06-09,Delta Upper Stage,1,,3315.0,Star 37D (Delta J),Rocket Body,14.0,DISCOS cataloguedFragments,18.0,explosion,propulsion,True,,
discos-572,1986-06-21,RORSAT Reactor Core Ejection Class,1,,16647.0,Cosmos-1736,Payload,25.0,DISCOS cataloguedFragments,29.0,,,False,not a structural breakup,
discos-380,1986-08-15,Transit Class,1,,2965.0,"Transit 17 (NNS 30140, OPS 4947)",Payload,,ambiguous: object in 2 DISCOS events,9.0,,,False,not a structural breakup,
discos-5,1986-09-05,Deliberate,2,USA 19 deliberately collided with its Delta 180 stage (both objects in DISCOS). TODO: v_rel,16938.0,Delta 180 Sensor Module,Payload,20.0,DISCOS cataloguedFragments (sum of 2 objects),16.0,collision,,True,,16937.0
discos-567,1986-10-15,RORSAT Reactor Core Ejection Class,1,,16917.0,Cosmos-1771,Payload,0.0,DISCOS cataloguedFragments,3.0,,,False,not a structural breakup,
discos-3,1986-11-13,Ariane Upper Stage,1,,16615.0,H8 (Ariane 1),Rocket Body,509.0,DISCOS cataloguedFragments,498.0,explosion,propulsion,True,,
discos-457,1986-11-15,Transit Class,1,,15935.0,OSCAR 30,Payload,3.0,DISCOS cataloguedFragments,7.0,,,False,not a structural breakup,
discos-516,1986-11-30,Ariane Upper Stage,1,,16657.0,H10 (Ariane 3),Rocket Body,7.0,DISCOS cataloguedFragments,6.0,explosion,propulsion,True,,
discos-128,1986-11-30,Cosmos 862 Class (Explosive Charge),1,,12547.0,Cosmos-1278,Payload,2.0,DISCOS cataloguedFragments,3.0,explosion,deliberate,True,,
discos-827,1986-12-02,Unknown,1,,17066.0,Cosmos-1791,Payload,1.0,DISCOS cataloguedFragments,1.0,explosion,unknown,True,,
discos-157,1986-12-18,Cosmos 699 Class (EORSAT),1,,16054.0,Cosmos-1682,Payload,22.0,DISCOS cataloguedFragments,22.0,explosion,unknown,True,,
discos-6,1987-01-29,Payload Recovery Failure,1,,17297.0,Cosmos-1813,Payload,195.0,DISCOS cataloguedFragments,194.0,explosion,deliberate,True,,
discos-867,1987-03-13,Unconfirmed,1,,8516.0,Transtage 29 (Titan IIIC),Rocket Body,0.0,DISCOS cataloguedFragments,1.0,,,False,not a structural breakup,
discos-427,1987-06-07,Ariane Upper Stage,1,,15876.0,H8 (Ariane 1),Rocket Body,15.0,DISCOS cataloguedFragments,13.0,explosion,propulsion,True,,
discos-354,1987-06-15,Vostok Class,1,,4850.0,Vostok 8A92M-2 (Vostok SL-3 (A-1)),Rocket Body,0.0,DISCOS cataloguedFragments,1.0,,,False,not a structural breakup,
discos-834,1987-06-26,Unknown,1,,18129.0,Cosmos-1861,Payload,2.0,DISCOS cataloguedFragments,2.0,explosion,unknown,True,,
discos-8,1987-07-26,Payload Recovery Failure,1,,18184.0,Cosmos-1866,Payload,8.0,DISCOS cataloguedFragments,9.0,explosion,deliberate,True,,
discos-568,1987-07-28,RORSAT Reactor Core Ejection Class,1,,18122.0,Cosmos-1860,Payload,0.0,DISCOS cataloguedFragments,4.0,,,False,not a structural breakup,
discos-384,1987-09-15,DMSP/NOAA Class,1,,11060.0,Tiros N,Payload,,ambiguous: object in 2 DISCOS events,7.0,explosion,battery,True,,
discos-11,1987-09-19,Ariane Upper Stage,1,,18352.0,H10 (Ariane 3),Rocket Body,3.0,DISCOS cataloguedFragments,4.0,explosion,propulsion,True,,
discos-4,1987-09-21,Cosmos 699 Class (EORSAT),1,,16895.0,Cosmos-1769,Payload,3.0,DISCOS cataloguedFragments,3.0,explosion,unknown,True,,
discos-866,1987-10-03,Unconfirmed,1,,2222.0,Transtage 11 (Titan IIIC),Rocket Body,1.0,DISCOS cataloguedFragments,0.0,,,False,not a structural breakup,
discos-406,1987-10-05,Anomalous,1,,10967.0,Seasat 1,Payload,,ambiguous: object in 16 DISCOS events,21.0,,,False,not a structural breakup,
discos-456,1987-10-13,Scout Class,1,,18363.0,Altair 3 (Scout G-1),Rocket Body,6.0,DISCOS cataloguedFragments,10.0,explosion,propulsion,True,,
discos-463,1987-10-15,Anomalous,1,,10664.0,Kyokko,Payload,,ambiguous: object in 2 DISCOS events,6.0,,,False,not a structural breakup,
discos-817,1987-10-23,Unknown,1,,17240.0,Cosmos 3 second stage (S3) (Cosmos 3M (11K65M)),Rocket Body,1.0,DISCOS cataloguedFragments,1.0,explosion,unknown,True,,
discos-153,1987-11-20,Cosmos 699 Class (EORSAT),1,,15653.0,Cosmos-1646,Payload,24.0,DISCOS cataloguedFragments,23.0,explosion,unknown,True,,
discos-394,1987-11-22,Anomalous,1,,10967.0,Seasat 1,Payload,,ambiguous: object in 16 DISCOS events,21.0,,,False,not a structural breakup,
discos-7,1987-12-17,Battery,1,,17535.0,Cosmos-1823,Payload,162.0,DISCOS cataloguedFragments,152.0,explosion,battery,True,,
discos-156,1988-01-05,Proton Ullage Motor,1,,15773.0,Proton-K/DM-2 ullage motor (SOZ),Rocket Mission Related Object,5.0,DISCOS cataloguedFragments,6.0,explosion,propulsion,True,,
discos-13,1988-01-31,Payload Recovery Failure,1,,18713.0,Cosmos-1906,Payload,36.0,DISCOS cataloguedFragments,36.0,explosion,deliberate,True,,
discos-322,1988-02-21,Anomalous,1,,10967.0,Seasat 1,Payload,,ambiguous: object in 16 DISCOS events,21.0,,,False,not a structural breakup,
discos-15,1988-02-27,Payload Recovery Failure,1,,18823.0,Cosmos-1916,Payload,1.0,DISCOS cataloguedFragments,0.0,explosion,deliberate,True,,
discos-478,1988-03-14,Anomalous,1,,10967.0,Seasat 1,Payload,,ambiguous: object in 16 DISCOS events,21.0,,,False,not a structural breakup,
discos-110,1988-05-09,Tsyklon Upper Stage,1,,11087.0,Tsyklon-3-3 (Tsyklon SL-14 (F-2)),Rocket Body,43.0,DISCOS cataloguedFragments,42.0,explosion,propulsion,True,,
discos-564,1988-05-20,RORSAT Reactor Core Ejection Class,1,,18957.0,Cosmos-1932,Payload,2.0,DISCOS cataloguedFragments,6.0,,,False,not a structural breakup,
discos-559,1988-09-02,Propulsion,1,,19490.0,Titan 34D third stage (Transtage D-3) (Titan 34D Transtage),Rocket Body,1.0,DISCOS cataloguedFragments,17.0,explosion,propulsion,True,,
discos-575,1988-09-30,RORSAT Reactor Core Ejection Class,1,,18665.0,Cosmos-1900,Payload,3.0,DISCOS cataloguedFragments,5.0,,,False,not a structural breakup,
discos-386,1988-10-21,Ariane Upper Stage,1,,19332.0,H10 (Ariane 3),Rocket Body,5.0,DISCOS cataloguedFragments,7.0,explosion,propulsion,True,,
discos-387,1988-11-06,Ariane Upper Stage,1,,19622.0,H10 (Ariane 2),Rocket Body,8.0,DISCOS cataloguedFragments,9.0,explosion,propulsion,True,,
discos-511,1989-07-26,Proton Ullage Motor,1,,14607.0,Proton-K/DM-2 ullage motor (SOZ),Rocket Mission Related Object,0.0,DISCOS cataloguedFragments,8.0,explosion,propulsion,True,,
discos-22,1989-07-28,Payload Recovery Failure,1,,20124.0,Cosmos-2030,Payload,1.0,DISCOS cataloguedFragments,0.0,explosion,deliberate,True,,
discos-462,1989-07-29,Ariane Upper Stage,1,,20123.0,H10 (Ariane 3),Rocket Body,1.0,DISCOS cataloguedFragments,1.0,explosion,propulsion,True,,
discos-23,1989-08-31,Cosmos 2031 Class,1,,20136.0,Cosmos-2031,Payload,8.0,DISCOS cataloguedFragments,9.0,explosion,deliberate,True,,
discos-514,1989-09-15,Vostok Class,1,,6080.0,Vostok 8A92M-2 (Vostok SL-3 (A-1)),Rocket Body,1.0,DISCOS cataloguedFragments,1.0,,,False,not a structural breakup,
discos-501,1989-10-16,Tsyklon Upper Stage,1,,20262.0,Tsyklon-3-3 (Tsyklon SL-14 (F-2)),Rocket Body,7.0,DISCOS cataloguedFragments,8.0,explosion,propulsion,True,,
discos-29,1990-10-04,Propulsion,1,,20791.0,L-14 (YF40A) (Long March (CZ) 4),Rocket Body,103.0,DISCOS cataloguedFragments,106.0,explosion,propulsion,True,,
discos-373,1990-11-15,Vostok Class,1,,3151.0,Vostok 8A92M-2 (Vostok SL-3 (A-1)),Rocket Body,0.0,DISCOS cataloguedFragments,0.0,,,False,not a structural breakup,
discos-407,1990-11-15,Vostok Class,1,,877.0,Vostok 8A92M-2 (Vostok SL-3 (A-1)),Rocket Body,1.0,DISCOS cataloguedFragments,1.0,,,False,not a structural breakup,
discos-30,1990-11-30,Cosmos 2031 Class,1,,20828.0,Cosmos-2101,Payload,3.0,DISCOS cataloguedFragments,3.0,explosion,deliberate,True,,
discos-32,1990-12-01,Propulsion,1,,20978.0,DMSP Block 5D-2 F10,Payload,27.0,DISCOS cataloguedFragments,29.0,explosion,propulsion,True,,
discos-148,1991-02-04,Proton Ullage Motor,1,,14608.0,Proton-K/DM-2 ullage motor (SOZ),Rocket Mission Related Object,7.0,DISCOS cataloguedFragments,8.0,explosion,propulsion,True,,
discos-35,1991-03-05,Propulsion,1,,21108.0,Cosmos 3 second stage (S3) (Cosmos 3M (11K65M)),Rocket Body,112.0,DISCOS cataloguedFragments,112.0,explosion,propulsion,True,,
discos-417,1991-03-15,Anomalous,1,,2403.0,OPS 0856 (RTS-1 2),Payload,,ambiguous: object in 4 DISCOS events,26.0,,,False,not a structural breakup,
discos-90,1991-05-01,Delta Upper Stage,1,,7946.0,DELTA P (Delta 2910),Rocket Body,310.0,DISCOS cataloguedFragments,308.0,explosion,propulsion,True,,
discos-333,1991-08-02,Unknown,1,,21640.0,IUS first stage (Atlantis (OV-104)),Rocket Body,0.0,DISCOS cataloguedFragments,1.0,explosion,unknown,True,,
discos-815,1991-10-16,Unknown,1,,21744.0,Cosmos 3 second stage (S3) (Cosmos 3M (11K65M)),Rocket Body,0.0,DISCOS cataloguedFragments,1.0,explosion,unknown,True,,
discos-39,1991-12-06,Cosmos 2031 Class,1,,21741.0,Cosmos-2163,Payload,13.0,DISCOS cataloguedFragments,0.0,explosion,deliberate,True,,
discos-164,1991-12-22,Collision,2,Cosmos 1934 struck by Cosmos 926 debris. TODO: impactor mass and v_rel,18985.0,Cosmos-1934,Payload,2.0,DISCOS cataloguedFragments (sum of 2 objects),4.0,collision,,True,,13475.0
discos-2,1991-12-29,Proton Ullage Motor,1,,16446.0,Proton-K/DM-2 ullage motor (SOZ),Rocket Mission Related Object,16.0,DISCOS cataloguedFragments,20.0,explosion,propulsion,True,,
discos-68,1992-02-21,Titan Transtage,1,,3432.0,Transtage 5 (Titan IIIC),Rocket Body,37.0,DISCOS cataloguedFragments,36.0,explosion,propulsion,True,,
discos-393,1992-05-17,Unknown,1,,16528.0,H-8 (Long March (CZ) 3),Rocket Body,3.0,DISCOS cataloguedFragments,6.0,explosion,unknown,True,,
discos-391,1992-06-15,Anomalous,1,,10664.0,Kyokko,Payload,,ambiguous: object in 2 DISCOS events,6.0,,,False,not a structural breakup,
discos-339,1992-06-16,Anomalous,1,,2403.0,OPS 0856 (RTS-1 2),Payload,,ambiguous: object in 4 DISCOS events,26.0,,,False,not a structural breakup,
discos-366,1992-06-23,Anomalous,1,,2403.0,OPS 0856 (RTS-1 2),Payload,,ambiguous: object in 4 DISCOS events,26.0,,,False,not a structural breakup,
discos-27,1992-07-01,Proton Ullage Motor,1,,20399.0,Proton-K/DM-2 ullage motor (SOZ),Rocket Mission Related Object,13.0,DISCOS cataloguedFragments,15.0,explosion,propulsion,True,,
discos-152,1992-09-05,Proton Ullage Motor,1,,15338.0,Proton-K/DM-2 ullage motor (SOZ),Rocket Mission Related Object,23.0,DISCOS cataloguedFragments,24.0,explosion,propulsion,True,,
discos-420,1992-09-15,DMSP/NOAA Class,1,,11416.0,NOAA 6,Payload,,ambiguous: object in 2 DISCOS events,5.0,explosion,battery,True,,
discos-454,1992-09-28,Transit Class,1,,2754.0,"Transit 15 (NNS 30120, OPS 0100)",Payload,7.0,DISCOS cataloguedFragments,9.0,,,False,not a structural breakup,
discos-390,1992-11-09,Ariane Upper Stage,1,,22206.0,H10+ (Ariane 42P H10+),Rocket Body,28.0,DISCOS cataloguedFragments,28.0,explosion,propulsion,True,,
discos-700,1992-12-09,Unknown,1,,20344.0,AKM (USA 40 AKM),Payload Mission Related Object,66.0,DISCOS cataloguedFragments,66.0,explosion,unknown,True,,
discos-19,1992-12-18,Proton Ullage Motor,1,,19771.0,Proton-K/DM-2 ullage motor (SOZ),Rocket Mission Related Object,2.0,DISCOS cataloguedFragments,1.0,explosion,propulsion,True,,
discos-43,1992-12-26,Zenit-2 Upper Stage,1,,22285.0,Zenit-2 second stage,Rocket Body,282.0,DISCOS cataloguedFragments,286.0,explosion,propulsion,True,,
discos-44,1992-12-26,Zenit-2 Upper Stage,1,,,Zenit-2 second stage fragmentation debris,Rocket Fragmentation Debris,1.0,DISCOS cataloguedFragments,,,,False,parent has no NORAD id,
discos-45,1992-12-26,Zenit-2 Upper Stage,1,,,Zenit-2 second stage fragmentation debris,Rocket Fragmentation Debris,1.0,DISCOS cataloguedFragments,,,,False,parent has no NORAD id,
discos-46,1992-12-30,Zenit-2 Upper Stage,1,,,Zenit-2 second stage fragmentation debris,Rocket Fragmentation Debris,1.0,DISCOS cataloguedFragments,,,,False,parent has no NORAD id,
discos-287,1993-01-01,Anomalous,1,,20322.0,COBE,Payload,92.0,DISCOS cataloguedFragments,103.0,,,False,not a structural breakup,
discos-21,1993-01-12,Proton Ullage Motor,1,,20116.0,Proton-K/DM-2 ullage motor (SOZ),Rocket Mission Related Object,2.0,DISCOS cataloguedFragments,2.0,explosion,propulsion,True,,
discos-42,1993-02-18,Cosmos 2031 Class,1,,22280.0,Cosmos-2225,Payload,5.0,DISCOS cataloguedFragments,5.0,explosion,deliberate,True,,
discos-314,1993-02-21,Anomalous,1,,11055.0,Cosmos-1043,Payload,1.0,DISCOS cataloguedFragments,1.0,,,False,not a structural breakup,
discos-47,1993-03-28,Zenit-2 Upper Stage,1,,22566.0,Zenit-2 second stage,Rocket Body,103.0,DISCOS cataloguedFragments,105.0,explosion,propulsion,True,,
discos-40,1993-04-21,Ariane Upper Stage,1,,21941.0,H10+ (Ariane 44L H10+),Rocket Body,17.0,DISCOS cataloguedFragments,18.0,explosion,propulsion,True,,
discos-49,1993-04-27,Deliberate,1,,22641.0,Cosmos-2243,Payload,1.0,DISCOS cataloguedFragments,0.0,explosion,deliberate,True,,
discos-234,1993-07-25,Deliberate,1,,22716.0,Cosmos-2259,Payload,0.0,DISCOS cataloguedFragments,0.0,explosion,deliberate,True,,
discos-560,1993-07-26,DMSP/NOAA Class,1,,12553.0,NOAA 7,Payload,,ambiguous: object in 2 DISCOS events,8.0,explosion,battery,True,,
discos-147,1993-10-18,Unknown,1,,14207.0,Cosmos-1484,Payload,57.0,DISCOS cataloguedFragments,54.0,explosion,unknown,True,,
discos-235,1993-12-18,Cosmos 2031 Class,1,,22789.0,Cosmos-2262,Payload,2.0,DISCOS cataloguedFragments,1.0,explosion,deliberate,True,,
discos-418,1994-01-04,Ariane Upper Stage,1,,22830.0,H10 (Ariane 40 H10),Rocket Body,2.0,DISCOS cataloguedFragments,2.0,explosion,propulsion,True,,
discos-237,1994-02-07,Propulsion,1,,22974.0,Titan-2-2 (Titan II SLV),Rocket Body,5.0,DISCOS cataloguedFragments,0.0,explosion,propulsion,True,,
discos-870,1994-02-14,Unconfirmed,1,,2868.0,Transtage 14 (Titan IIIC),Rocket Body,1.0,DISCOS cataloguedFragments,0.0,,,False,not a structural breakup,
discos-37,1994-04-27,Ariane Upper Stage,1,,21141.0,H10 (Ariane 44LP H10),Rocket Body,11.0,DISCOS cataloguedFragments,12.0,explosion,propulsion,True,,
discos-36,1994-05-07,Proton Ullage Motor,1,,21114.0,Proton-K/DM-2 ullage motor (SOZ),Rocket Mission Related Object,3.0,DISCOS cataloguedFragments,4.0,explosion,propulsion,True,,
discos-397,1994-05-15,Transit Class,1,,801.0,Transit 5C (OPS 4412),Payload,,ambiguous: object in 4 DISCOS events,7.0,,,False,not a structural breakup,
discos-482,1994-05-21,Anomalous,1,,10967.0,Seasat 1,Payload,,ambiguous: object in 16 DISCOS events,21.0,,,False,not a structural breakup,
discos-490,1994-05-31,Transit Class,1,,801.0,Transit 5C (OPS 4412),Payload,,ambiguous: object in 4 DISCOS events,7.0,,,False,not a structural breakup,
discos-41,1994-11-08,Proton Ullage Motor,1,,22067.0,Proton-K/DM-2 ullage motor (SOZ),Rocket Mission Related Object,36.0,DISCOS cataloguedFragments,37.0,explosion,propulsion,True,,
discos-48,1994-12-01,Cosmos 699 Class (EORSAT),1,,22585.0,Cosmos-2238,Payload,1.0,DISCOS cataloguedFragments,0.0,explosion,unknown,True,,
discos-242,1994-12-26,Briz-M,1,,23440.0,Briz-KM (Rokot-KM),Rocket Body,27.0,DISCOS cataloguedFragments,25.0,explosion,propulsion,True,,
discos-425,1995-01-08,Anomalous,1,,10967.0,Seasat 1,Payload,,ambiguous: object in 16 DISCOS events,21.0,,,False,not a structural breakup,
discos-331,1995-02-12,Transit Class,1,,2807.0,"Transit 16 (NNS 30130, OPS 7218)",Payload,3.0,DISCOS cataloguedFragments,6.0,,,False,not a structural breakup,
discos-240,1995-03-31,Aerodynamics,1,,23231.0,H-II LE-5A,Rocket Body,0.0,DISCOS cataloguedFragments,1.0,,,False,not a structural breakup,
discos-241,1995-05-11,Proton Ullage Motor,1,,23338.0,Proton-K/DM-2 ullage motor (SOZ),Rocket Mission Related Object,1.0,DISCOS cataloguedFragments,1.0,explosion,propulsion,True,,
discos-495,1995-06-15,DMSP/NOAA Class,1,,11416.0,NOAA 6,Payload,,ambiguous: object in 2 DISCOS events,5.0,explosion,battery,True,,
discos-239,1995-10-21,Proton Ullage Motor,1,,23174.0,Proton-K/DM-2 ullage motor (SOZ),Rocket Mission Related Object,2.0,DISCOS cataloguedFragments,2.0,explosion,propulsion,True,,
discos-464,1995-11-01,Anomalous,1,,2403.0,OPS 0856 (RTS-1 2),Payload,,ambiguous: object in 4 DISCOS events,26.0,,,False,not a structural breakup,
discos-361,1995-12-06,Anomalous,1,,23640.0,Delta II second stage (Delta 7925),Rocket Body,0.0,DISCOS cataloguedFragments,1.0,,,False,not a structural breakup,
discos-31,1995-12-14,Proton Ullage Motor,1,,20957.0,Proton-K/DM-2 ullage motor (SOZ),Rocket Mission Related Object,2.0,DISCOS cataloguedFragments,2.0,explosion,propulsion,True,,
discos-871,1996-01-13,Unconfirmed,1,,23030.0,STEP-0,Payload,12.0,DISCOS cataloguedFragments,12.0,,,False,not a structural breakup,
discos-421,1996-01-29,Unknown,1,,14190.0,STAR 48B cyl (Atlas E),Rocket Body,2.0,DISCOS cataloguedFragments,2.0,explosion,unknown,True,,
discos-452,1996-01-29,Ariane Upper Stage,1,,19920.0,H10 (Ariane 2),Rocket Body,4.0,DISCOS cataloguedFragments,3.0,explosion,propulsion,True,,
discos-488,1996-01-30,Anomalous,1,,23711.0,Delta II second stage (Delta 7920),Rocket Body,1.0,DISCOS cataloguedFragments,2.0,,,False,not a structural breakup,
discos-246,1996-02-19,Propulsion,1,,23797.0,Blok-DM-2 (Proton-K/DM-2),Rocket Body,1.0,DISCOS cataloguedFragments,1.0,explosion,propulsion,True,,
discos-404,1996-02-23,DMSP/NOAA Class,1,,11060.0,Tiros N,Payload,,ambiguous: object in 2 DISCOS events,7.0,explosion,battery,True,,
discos-750,1996-03-26,Anomalous,1,,21726.0,Anik E1,Payload,0.0,DISCOS cataloguedFragments,0.0,,,False,not a structural breakup,
discos-34,1996-04-30,Ariane Upper Stage,1,,21057.0,H10 (Ariane 44L H10),Rocket Body,15.0,DISCOS cataloguedFragments,16.0,explosion,propulsion,True,,
discos-238,1996-06-03,Propulsion,1,,23106.0,HAPS (Pegasus/HAPS),Rocket Body,754.0,DISCOS cataloguedFragments,753.0,explosion,propulsion,True,,
discos-244,1996-07-24,Collision,1,Cerise struck by an Ariane 1 fragment. TODO: impactor mass and v_rel,23606.0,Cerise,Payload,1.0,DISCOS cataloguedFragments,1.0,collision,,True,,
discos-388,1996-07-30,Vostok Class,1,,19046.0,Vostok 8A92M-2 (Vostok SL-3 (A-1)),Rocket Body,2.0,DISCOS cataloguedFragments,2.0,,,False,not a structural breakup,
discos-437,1996-09-04,Zenit-2 Upper Stage,1,,24298.0,Zenit-2 second stage,Rocket Body,,ambiguous: object in 3 DISCOS events,13.0,explosion,propulsion,True,,
discos-430,1996-10-15,Vostok Class,1,,12457.0,Vostok 8A92M-2 (Vostok SL-3 (A-1)),Rocket Body,0.0,DISCOS cataloguedFragments,24.0,,,False,not a structural breakup,
discos-498,1996-11-30,Transit Class,1,,1864.0,"Transit 10 (NNS 30060, OPS 1509)",Payload,0.0,DISCOS cataloguedFragments,4.0,,,False,not a structural breakup,
discos-12,1996-12-01,Proton Ullage Motor,1,,18374.0,Proton-K/DM-2 ullage motor (SOZ),Rocket Mission Related Object,54.0,DISCOS cataloguedFragments,55.0,explosion,propulsion,True,,
discos-811,1997-04-02,Unknown,1,,21087.0,Informator 1,Payload,1.0,DISCOS cataloguedFragments,1.0,explosion,unknown,True,,
discos-14,1997-05-22,Proton Ullage Motor,1,,18719.0,Proton-K/DM-2 ullage motor (SOZ),Rocket Mission Related Object,1.0,DISCOS cataloguedFragments,1.0,explosion,propulsion,True,,
discos-243,1997-06-26,Cosmos 699 Class (EORSAT),1,,23596.0,Cosmos-2313,Payload,12.0,DISCOS cataloguedFragments,12.0,explosion,unknown,True,,
discos-395,1997-06-30,Unknown,1,,22519.0,Boost motor (USA 89) (Discovery (OV-103)),Rocket Body,13.0,DISCOS cataloguedFragments,13.0,explosion,unknown,True,,
discos-207,1997-08-01,Small Impactor,1,,12553.0,NOAA 7,Payload,,ambiguous: object in 2 DISCOS events,8.0,collision,,True,,
discos-248,1997-09-16,Cosmos 2031 Class,1,,24805.0,Cosmos-2343,Payload,1.0,DISCOS cataloguedFragments,0.0,explosion,deliberate,True,,
discos-872,1997-10-12,Unconfirmed,1,,23893.0,USA 119 (NOSS-2 4A),Payload,9.0,DISCOS cataloguedFragments,9.0,,,False,not a structural breakup,
discos-411,1997-11-06,Anomalous,1,,10967.0,Seasat 1,Payload,,ambiguous: object in 16 DISCOS events,21.0,,,False,not a structural breakup,
discos-408,1997-11-08,Anomalous,1,,2173.0,Nimbus 2,Payload,75.0,DISCOS cataloguedFragments,77.0,,,False,not a structural breakup,
discos-9,1997-11-27,Unknown,1,,18214.0,Cosmos-1869,Payload,0.0,DISCOS cataloguedFragments,1.0,explosion,unknown,True,,
discos-117,1997-12-23,Aerodynamics,1,,11758.0,Cosmos-1172,Payload,1.0,DISCOS cataloguedFragments,3.0,,,False,not a structural breakup,
discos-250,1997-12-25,Propulsion,1,,25129.0,Blok-DM-2M (Proton-K/DM-2M),Rocket Body,0.0,DISCOS cataloguedFragments,1.0,explosion,propulsion,True,,
discos-379,1998-01-09,Transit Class,1,,704.0,Transit 5B-2,Payload,0.0,DISCOS cataloguedFragments,11.0,,,False,not a structural breakup,
discos-266,1998-02-05,Aerodynamics,1,,12512.0,Molniya 3-16,Payload,1.0,DISCOS cataloguedFragments,2.0,,,False,not a structural breakup,
discos-475,1998-02-15,Ariane Upper Stage,1,,20170.0,H10 (Ariane 44LP H10),Rocket Body,12.0,DISCOS cataloguedFragments,12.0,explosion,propulsion,True,,
discos-10,1998-02-15,Tsyklon Upper Stage,1,,18313.0,Tsyklon-3-3 (Tsyklon SL-14 (F-2)),Rocket Body,108.0,DISCOS cataloguedFragments,107.0,explosion,propulsion,True,,
discos-17,1998-02-17,Ariane Upper Stage,1,,19689.0,H10 (Ariane 44LP H10),Rocket Body,18.0,DISCOS cataloguedFragments,19.0,explosion,propulsion,True,,
discos-251,1998-02-21,Propulsion,1,,25176.0,H-II LE-5A,Rocket Body,1.0,DISCOS cataloguedFragments,0.0,explosion,propulsion,True,,
discos-415,1998-02-23,Unknown,1,,24881.0,CENTAUR (Atlas IIAS),Rocket Body,1.0,DISCOS cataloguedFragments,0.0,explosion,unknown,True,,
discos-493,1998-03-04,Anomalous,1,,22561.0,Start 1 (EKA 1),Payload,1.0,DISCOS cataloguedFragments,58.0,,,False,not a structural breakup,
discos-409,1998-03-07,Transit Class,1,,4507.0,Transit 19 (NNS 19),Payload,1.0,DISCOS cataloguedFragments,4.0,,,False,not a structural breakup,
discos-33,1998-03-14,Proton Ullage Motor,1,,21013.0,Proton-K/DM-2 ullage motor (SOZ),Rocket Mission Related Object,1.0,DISCOS cataloguedFragments,2.0,explosion,propulsion,True,,
discos-458,1998-06-15,Anomalous,1,,23405.0,Zenit-2 second stage,Rocket Body,0.0,DISCOS cataloguedFragments,10.0,,,False,not a structural breakup,
discos-222,1998-06-30,Aerodynamics,1,,12519.0,Blok-ML (Molniya-M Blok-ML),Rocket Body,0.0,DISCOS cataloguedFragments,2.0,,,False,not a structural breakup,
discos-18,1998-08-03,Proton Ullage Motor,1,,19755.0,Proton-K/DM-2 ullage motor (SOZ),Rocket Mission Related Object,15.0,DISCOS cataloguedFragments,16.0,explosion,propulsion,True,,
discos-370,1998-10-12,Anomalous,1,,21397.0,Okean 3,Payload,0.0,DISCOS cataloguedFragments,2.0,,,False,not a structural breakup,
discos-154,1998-11-29,Proton Ullage Motor,1,,15714.0,Proton-K/DM-2 ullage motor (SOZ),Rocket Mission Related Object,3.0,DISCOS cataloguedFragments,4.0,explosion,propulsion,True,,
discos-16,1999-03-09,Proton Ullage Motor,1,,19537.0,Proton-K/DM-2 ullage motor (SOZ),Rocket Mission Related Object,78.0,DISCOS cataloguedFragments,79.0,explosion,propulsion,True,,
discos-28,1999-03-28,Proton Ullage Motor,1,,20631.0,Proton-K/DM-2 ullage motor (SOZ),Rocket Mission Related Object,2.0,DISCOS cataloguedFragments,2.0,explosion,propulsion,True,,
discos-443,1999-04-01,Ariane Upper Stage,1,,22118.0,H10+ (Ariane 44LP H10+),Rocket Body,5.0,DISCOS cataloguedFragments,6.0,explosion,propulsion,True,,
discos-26,1999-04-18,Tsyklon Upper Stage,1,,20390.0,Tsyklon-3-3 (Tsyklon SL-14 (F-2)),Rocket Body,25.0,DISCOS cataloguedFragments,62.0,explosion,propulsion,True,,
discos-183,1999-05-01,Meteor Class,1,,13113.0,Meteor 2-8,Payload,52.0,DISCOS cataloguedFragments,52.0,explosion,unknown,True,,
discos-451,1999-05-05,Propulsion,1,,25728.0,Delta III second stage (Delta 8930),Rocket Body,1.0,DISCOS cataloguedFragments,1.0,explosion,propulsion,True,,
discos-317,1999-09-08,Zenit-2 Upper Stage,1,,22803.0,Zenit-2 second stage,Rocket Body,5.0,DISCOS cataloguedFragments,11.0,explosion,propulsion,True,,
discos-869,1999-09-14,Unconfirmed,1,,8476.0,RCA Satcom I,Payload,0.0,DISCOS cataloguedFragments,0.0,,,False,not a structural breakup,
discos-38,1999-10-09,Tsyklon Upper Stage,1,,21734.0,Tsyklon-3-3 (Tsyklon SL-14 (F-2)),Rocket Body,41.0,DISCOS cataloguedFragments,39.0,explosion,propulsion,True,,
discos-439,1999-11-15,Transit Class,1,,1420.0,"Transit 5B-6 (NNS 30040, OPS 8480)",Payload,,ambiguous: object in 4 DISCOS events,13.0,,,False,not a structural breakup,
discos-249,1999-11-22,Cosmos 699 Class (EORSAT),1,,25088.0,Cosmos-2347,Payload,9.0,DISCOS cataloguedFragments,8.0,explosion,unknown,True,,
discos-247,1999-12-13,Proton Ullage Motor,1,,23887.0,Proton-K/DM-2 ullage motor (SOZ),Rocket Mission Related Object,1.0,DISCOS cataloguedFragments,1.0,explosion,propulsion,True,,
discos-378,1999-12-20,Ariane Upper Stage,1,,18953.0,H10 (Ariane 3),Rocket Body,1.0,DISCOS cataloguedFragments,2.0,explosion,propulsion,True,,
discos-252,2000-03-11,Propulsion,1,,25942.0,L-14B (YF40B) (Long March (CZ) 4B),Rocket Body,343.0,DISCOS cataloguedFragments,433.0,explosion,propulsion,True,,
discos-455,2000-04-15,DMSP/NOAA Class,1,,16969.0,NOAA 10,Payload,6.0,DISCOS cataloguedFragments,8.0,explosion,battery,True,,
discos-24,2000-05-19,Aerodynamics,1,,20338.0,Molniya 3-36,Payload,1.0,DISCOS cataloguedFragments,1.0,,,False,not a structural breakup,
discos-25,2000-06-28,Aerodynamics,1,,20339.0,Blok-ML (Molniya-M Blok-ML),Rocket Body,1.0,DISCOS cataloguedFragments,1.0,,,False,not a structural breakup,
discos-471,2000-09-04,Ariane Upper Stage,1,,19485.0,H10 (Ariane 3),Rocket Body,11.0,DISCOS cataloguedFragments,12.0,explosion,propulsion,True,,
discos-236,2000-09-07,Proton Ullage Motor,1,,22925.0,Proton-K/DM-2 ullage motor (SOZ),Rocket Mission Related Object,1.0,DISCOS cataloguedFragments,1.0,explosion,propulsion,True,,
discos-245,2000-11-21,Proton Ullage Motor,1,,23631.0,Proton-K/DM-2 ullage motor (SOZ),Rocket Mission Related Object,2.0,DISCOS cataloguedFragments,3.0,explosion,propulsion,True,,
discos-20,2001-01-01,Ariane Upper Stage,1,,19773.0,H10 (Ariane 2),Rocket Body,87.0,DISCOS cataloguedFragments,86.0,explosion,propulsion,True,,
discos-365,2001-01-05,Cosmos 862 Class (Explosive Charge),1,,11844.0,Cosmos-1188,Payload,7.0,DISCOS cataloguedFragments,8.0,explosion,deliberate,True,,
discos-350,2001-02-20,Anomalous,1,,26703.0,Start-4 (Start 1 SL-18),Rocket Body,7.0,DISCOS cataloguedFragments,7.0,,,False,not a structural breakup,
discos-158,2001-02-21,Aerodynamics,1,,16112.0,Molniya 3-26,Payload,1.0,DISCOS cataloguedFragments,1.0,,,False,not a structural breakup,
discos-504,2001-03-19,Anomalous,1,,25919.0,Ikonos,Payload,1.0,DISCOS cataloguedFragments,1.0,,,False,not a structural breakup,
discos-332,2001-04-01,Ariane Upper Stage,1,,21610.0,H10 (Ariane 40 H10),Rocket Body,1.0,DISCOS cataloguedFragments,13.0,explosion,propulsion,True,,
discos-469,2001-04-21,Unconfirmed,1,,26538.0,Cosmos-2372,Payload,0.0,DISCOS cataloguedFragments,6.0,,,False,not a structural breakup,
discos-160,2001-04-29,Aerodynamics,1,,16235.0,Cosmos-1701,Payload,1.0,DISCOS cataloguedFragments,1.0,,,False,not a structural breakup,
discos-323,2001-06-08,Transit Class,1,,2401.0,"Transit 14 (NNS 30100, OPS 2366)",Payload,2.0,DISCOS cataloguedFragments,7.0,,,False,not a structural breakup,
discos-257,2001-06-16,Proton Ullage Motor,1,,21226.0,Proton-K/DM-2 ullage motor (SOZ),Rocket Mission Related Object,1.0,DISCOS cataloguedFragments,33.0,explosion,propulsion,True,,
discos-256,2001-07-14,Proton Ullage Motor,1,,22250.0,Proton-K/DM-2 ullage motor (SOZ),Rocket Mission Related Object,1.0,DISCOS cataloguedFragments,1.0,explosion,propulsion,True,,
discos-508,2001-10-10,Cosmos 862 Class (Explosive Charge),1,,10970.0,Cosmos-1024,Payload,5.0,DISCOS cataloguedFragments,6.0,explosion,deliberate,True,,
discos-473,2001-10-12,Anomalous,1,,10967.0,Seasat 1,Payload,,ambiguous: object in 16 DISCOS events,21.0,,,False,not a structural breakup,
discos-255,2001-11-21,Cosmos 699 Class (EORSAT),1,,26040.0,Cosmos-2367,Payload,16.0,DISCOS cataloguedFragments,16.0,explosion,unknown,True,,
discos-505,2001-12-11,Meteor Class,1,,27001.0,Meteor-3M No. 1,Payload,0.0,DISCOS cataloguedFragments,8.0,explosion,unknown,True,,
discos-272,2001-12-14,Aerodynamics,1,,20052.0,Molniya 3-35,Payload,1.0,DISCOS cataloguedFragments,4.0,,,False,not a structural breakup,
discos-254,2001-12-19,Propulsion,1,,26960.0,PSLV fourth stage (PS4),Rocket Body,373.0,DISCOS cataloguedFragments,371.0,explosion,propulsion,True,,
discos-258,2001-12-24,Ariane Upper Stage,1,,21766.0,H10 (Ariane 44L H10),Rocket Body,13.0,DISCOS cataloguedFragments,13.0,explosion,propulsion,True,,
discos-253,2002-01-13,Aerodynamics,1,,13432.0,Molniya 3-19,Payload,0.0,DISCOS cataloguedFragments,2.0,,,False,not a structural breakup,
discos-260,2002-02-02,Ariane Upper Stage,1,,22032.0,H10 (Ariane 44L H10),Rocket Body,6.0,DISCOS cataloguedFragments,7.0,explosion,propulsion,True,,
discos-192,2002-03-16,Small Impactor,1,,26997.0,Jason,Payload,2.0,DISCOS cataloguedFragments,4.0,collision,,True,,
discos-749,2002-04-11,Small Impactor,1,,25626.0,"Galaxy 26 (Intelsat Americas 6, IA 6, Telstar 6)",Payload,0.0,DISCOS cataloguedFragments,1.0,collision,,True,,
discos-206,2002-04-21,Small Impactor,1,,6319.0,Cosmos-539,Payload,1.0,DISCOS cataloguedFragments,1.0,collision,,True,,
discos-382,2002-05-05,Vostok Class,1,,16111.0,Vostok 8A92M-2 (Vostok SL-3 (A-1)),Rocket Body,0.0,DISCOS cataloguedFragments,1.0,,,False,not a structural breakup,
discos-416,2002-05-15,L-14B Class,1,,27432.0,L-14B (YF40B) (Long March (CZ) 4B),Rocket Body,0.0,DISCOS cataloguedFragments,7.0,,,False,not a structural breakup,
discos-259,2002-07-09,Ariane Upper Stage,1,,19122.0,H10 (Ariane 2),Rocket Body,7.0,DISCOS cataloguedFragments,7.0,explosion,propulsion,True,,
discos-751,2002-08-15,Propulsion,1,,27457.0,Contour,Payload,2.0,DISCOS cataloguedFragments,0.0,explosion,propulsion,True,,
discos-341,2002-09-10,H-IIA Class,1,,27518.0,H-II LE-5B (H-IIA 2024),Rocket Body,1.0,DISCOS cataloguedFragments,3.0,explosion,propulsion,True,,
discos-345,2002-10-17,Unconfirmed,1,,27542.0,Blok-DM-2 (Proton-K/DM-2),Rocket Body,4.0,DISCOS cataloguedFragments,5.0,,,False,not a structural breakup,
discos-494,2002-11-30,Anomalous,1,,22562.0,Start-4 (Start 1 SL-18),Rocket Body,56.0,DISCOS cataloguedFragments,58.0,,,False,not a structural breakup,
discos-442,2002-12-01,Delta 4 Class,1,,27555.0,"Delta IV DCSS 4 (Delta 4M+(4,2))",Rocket Body,8.0,DISCOS cataloguedFragments,8.0,explosion,propulsion,True,,
discos-347,2002-12-24,Anomalous,1,,10967.0,Seasat 1,Payload,,ambiguous: object in 16 DISCOS events,21.0,,,False,not a structural breakup,
discos-269,2002-12-30,Aerodynamics,1,,869.0,Cosmos-41,Payload,,ambiguous: object in 2 DISCOS events,17.0,,,False,not a structural breakup,
discos-270,2003-01-13,Aerodynamics,1,,16223.0,Blok-ML (Molniya-M Blok-ML),Rocket Body,1.0,DISCOS cataloguedFragments,4.0,,,False,not a structural breakup,
discos-506,2003-01-20,Unconfirmed,1,,5104.0,ISIS 2,Payload,0.0,DISCOS cataloguedFragments,7.0,,,False,not a structural breakup,
discos-271,2003-01-27,Aerodynamics,1,,18083.0,Cosmos-1849,Payload,1.0,DISCOS cataloguedFragments,1.0,,,False,not a structural breakup,
discos-360,2003-02-01,Aerodynamics,1,,27647.0,Columbia (STS-107),Payload,1.0,DISCOS cataloguedFragments,1.0,,,False,not a structural breakup,
discos-263,2003-02-21,Proton Ullage Motor,1,,21012.0,Proton-K/DM-2 ullage motor (SOZ),Rocket Mission Related Object,2.0,DISCOS cataloguedFragments,2.0,explosion,propulsion,True,,
discos-419,2003-03-12,Delta 4 Class,1,,27692.0,Delta IV DCSS 4 (Delta 4M),Rocket Body,4.0,DISCOS cataloguedFragments,4.0,explosion,propulsion,True,,
discos-476,2003-03-21,Scout Class,1,,1815.0,Altair 2 (Scout X-4),Rocket Body,2.0,DISCOS cataloguedFragments,4.0,explosion,propulsion,True,,
discos-431,2003-04-09,Cosmos-3 Class,1,,13003.0,Cosmos 3 second stage (S3) (Cosmos 3M (11K65M)),Rocket Body,12.0,DISCOS cataloguedFragments,12.0,explosion,propulsion,True,,
discos-264,2003-04-23,Proton Ullage Motor,1,,18375.0,Proton-K/DM-2 ullage motor (SOZ),Rocket Mission Related Object,0.0,DISCOS cataloguedFragments,55.0,explosion,propulsion,True,,
discos-381,2003-06-30,Cosmos 862 Class (Explosive Charge),1,,13295.0,Cosmos-1382,Payload,3.0,DISCOS cataloguedFragments,4.0,explosion,deliberate,True,,
discos-337,2003-07-24,ERS/SPOT Class,1,,23560.0,ERS-2,Payload,,ambiguous: object in 5 DISCOS events,8.0,,,False,not a structural breakup,
discos-261,2003-08-04,Proton Ullage Motor,1,,19535.0,Proton-K/DM-2 ullage motor (SOZ),Rocket Mission Related Object,0.0,DISCOS cataloguedFragments,79.0,explosion,propulsion,True,,
discos-325,2003-08-05,Anomalous,1,,20580.0,Hubble Space Telescope,Payload,0.0,DISCOS cataloguedFragments,2.0,,,False,not a structural breakup,
discos-374,2003-08-22,Anomalous,1,,21578.0,SARA,Payload,,ambiguous: object in 3 DISCOS events,13.0,,,False,not a structural breakup,
discos-441,2003-08-29,Anomalous,1,,10967.0,Seasat 1,Payload,,ambiguous: object in 16 DISCOS events,21.0,,,False,not a structural breakup,
discos-470,2003-09-25,Anomalous,1,,10967.0,Seasat 1,Payload,,ambiguous: object in 16 DISCOS events,21.0,,,False,not a structural breakup,
discos-268,2003-11-13,Proton Ullage Motor,1,,19856.0,Proton-K/DM-2 ullage motor (SOZ),Rocket Mission Related Object,1.0,DISCOS cataloguedFragments,16.0,explosion,propulsion,True,,
discos-262,2003-12-09,Cosmos 2031 Class,1,,27856.0,Cosmos-2399,Payload,21.0,DISCOS cataloguedFragments,26.0,explosion,deliberate,True,,
discos-414,2004-01-19,Anomalous,1,,10967.0,Seasat 1,Payload,,ambiguous: object in 16 DISCOS events,21.0,,,False,not a structural breakup,
discos-447,2004-01-25,Aerodynamics,1,,22633.0,Molniya 3-44,Payload,0.0,DISCOS cataloguedFragments,1.0,,,False,not a structural breakup,
discos-265,2004-02-28,Cosmos 699 Class (EORSAT),1,,27053.0,Cosmos-2383,Payload,13.0,DISCOS cataloguedFragments,13.0,explosion,unknown,True,,
discos-383,2004-03-04,Meteor Class,1,,12456.0,Meteor 2-7,Payload,22.0,DISCOS cataloguedFragments,24.0,explosion,unknown,True,,
discos-433,2004-04-02,Unknown,1,,2176.0,"Transit 13 (NNS 30090, OPS 0082)",Payload,3.0,DISCOS cataloguedFragments,7.0,explosion,unknown,True,,
discos-292,2004-04-04,Aerodynamics,1,,898.0,Blok-L (Molniya),Rocket Body,0.0,DISCOS cataloguedFragments,17.0,,,False,not a structural breakup,
discos-273,2004-04-15,Propulsion,1,,21798.0,DMSP Block 5D-2 F11,Payload,85.0,DISCOS cataloguedFragments,88.0,explosion,propulsion,True,,
discos-392,2004-06-06,Anomalous,1,,25791.0,FUSE,Payload,12.0,DISCOS cataloguedFragments,9.0,,,False,not a structural breakup,
discos-274,2004-07-10,Proton Ullage Motor,1,,22066.0,Proton-K/DM-2 ullage motor (SOZ),Rocket Mission Related Object,1.0,DISCOS cataloguedFragments,37.0,explosion,propulsion,True,,
discos-276,2004-08-15,Aerodynamics,1,,11015.0,Cosmos-1030,Payload,,ambiguous: object in 2 DISCOS events,13.0,,,False,not a structural breakup,
discos-484,2004-09-09,L-14B Class,1,,28415.0,L-14B (YF40B) (Long March (CZ) 4B),Rocket Body,0.0,DISCOS cataloguedFragments,10.0,,,False,not a structural breakup,
discos-453,2004-09-27,L-14B Class,1,,27551.0,L-14B (YF40B) (Long March (CZ) 4B),Rocket Body,0.0,DISCOS cataloguedFragments,4.0,,,False,not a structural breakup,
discos-161,2004-10-01,Aerodynamics,1,,21630.0,Molniya 1-82,Payload,0.0,DISCOS cataloguedFragments,1.0,,,False,not a structural breakup,
discos-275,2004-10-29,Proton Ullage Motor,1,,27475.0,Proton-K/DM-2 ullage motor (SOZ),Rocket Mission Related Object,1.0,DISCOS cataloguedFragments,64.0,explosion,propulsion,True,,
discos-162,2004-12-11,Aerodynamics,1,,27812.0,Centaur-5 SEC (Atlas V 401),Rocket Body,0.0,DISCOS cataloguedFragments,0.0,,,False,not a structural breakup,
discos-163,2005-01-17,Collision,1,Thor Burner IIA stage struck by CZ-4 debris. TODO: impactor mass and v_rel,7219.0,Star 26B (Thor-Burner IIA),Rocket Body,6.0,DISCOS cataloguedFragments,6.0,collision,,True,,
discos-315,2005-02-04,Meteor Class,1,,15516.0,Meteor 2-12,Payload,5.0,DISCOS cataloguedFragments,5.0,explosion,unknown,True,,
discos-468,2005-02-04,Meteor Class,1,,11605.0,Meteor 2-5,Payload,90.0,DISCOS cataloguedFragments,90.0,explosion,unknown,True,,
discos-326,2005-02-08,Meteor Class,1,,13718.0,Meteor 2-9,Payload,5.0,DISCOS cataloguedFragments,7.0,explosion,unknown,True,,
discos-450,2005-02-17,DMSP/NOAA Class,1,,28054.0,DMSP 5D-3 F-16 (USA 172),Payload,5.0,DISCOS cataloguedFragments,9.0,explosion,battery,True,,
discos-165,2005-02-24,Aerodynamics,1,,20583.0,Molniya 1-77,Payload,5.0,DISCOS cataloguedFragments,1.0,,,False,not a structural breakup,
discos-435,2005-04-17,Anomalous,1,,21578.0,SARA,Payload,,ambiguous: object in 3 DISCOS events,13.0,,,False,not a structural breakup,
discos-313,2005-04-22,Proton Ullage Motor,1,,22273.0,Proton-K/DM-2 ullage motor (SOZ),Rocket Mission Related Object,1.0,DISCOS cataloguedFragments,1.0,explosion,propulsion,True,,
discos-166,2005-04-23,Proton Ullage Motor,1,,22274.0,Proton-K/DM-2 ullage motor (SOZ),Rocket Mission Related Object,1.0,DISCOS cataloguedFragments,1.0,explosion,propulsion,True,,
discos-167,2005-06-01,Proton Ullage Motor,1,,27474.0,Proton-K/DM-2 ullage motor (SOZ),Rocket Mission Related Object,,ambiguous: object in 2 DISCOS events,64.0,explosion,propulsion,True,,
discos-169,2005-06-21,Meteor Class,1,,18820.0,Meteor 2-17,Payload,51.0,DISCOS cataloguedFragments,49.0,explosion,unknown,True,,
discos-171,2005-06-22,Small Impactor,1,,20509.0,Cosmos 3 second stage (S3) (Cosmos 3M (11K65M)),Rocket Body,1.0,DISCOS cataloguedFragments,2.0,collision,,True,,
discos-168,2005-06-30,Proton Ullage Motor,1,,27474.0,Proton-K/DM-2 ullage motor (SOZ),Rocket Mission Related Object,,ambiguous: object in 2 DISCOS events,64.0,explosion,propulsion,True,,
discos-428,2005-08-17,Anomalous,1,,10967.0,Seasat 1,Payload,,ambiguous: object in 16 DISCOS events,21.0,,,False,not a structural breakup,
discos-335,2005-09-04,L-14B Class,1,,28471.0,L-14B (YF40B) (Long March (CZ) 4B),Rocket Body,0.0,DISCOS cataloguedFragments,5.0,,,False,not a structural breakup,
discos-401,2005-10-18,Scout Class,1,,1502.0,Altair 3 (Scout B-1),Rocket Body,27.0,DISCOS cataloguedFragments,27.0,explosion,propulsion,True,,
discos-496,2005-11-02,Aerodynamics,1,,19445.0,Cosmos-1966,Payload,0.0,DISCOS cataloguedFragments,1.0,,,False,not a structural breakup,
discos-356,2005-11-04,Aerodynamics,1,,15808.0,Cosmos-1658,Payload,0.0,DISCOS cataloguedFragments,1.0,,,False,not a structural breakup,
discos-174,2006-02-14,Anomalous,1,,20.0,Vanguard 3,Payload,2.0,DISCOS cataloguedFragments,2.0,,,False,not a structural breakup,
discos-342,2006-03-13,Meteor Class,1,,17290.0,Meteor 2-15,Payload,1.0,DISCOS cataloguedFragments,1.0,explosion,unknown,True,,
discos-480,2006-03-24,Meteor Class,1,,11962.0,Meteor 2-6,Payload,20.0,DISCOS cataloguedFragments,19.0,explosion,unknown,True,,
discos-752,2006-03-28,Small Impactor,1,,28234.0,Ekspress-AM 11,Payload,0.0,DISCOS cataloguedFragments,1.0,collision,,True,,
discos-472,2006-04-24,Meteor Class,1,,16191.0,Meteor 3-1,Payload,4.0,DISCOS cataloguedFragments,4.0,explosion,unknown,True,,
discos-371,2006-04-26,Zenit-2 Upper Stage,1,,28353.0,Zenit-2 second stage,Rocket Body,3.0,DISCOS cataloguedFragments,7.0,explosion,propulsion,True,,
discos-172,2006-05-04,Tsyklon Upper Stage,1,,16263.0,Tsyklon-3-3 (Tsyklon SL-14 (F-2)),Rocket Body,50.0,DISCOS cataloguedFragments,49.0,explosion,propulsion,True,,
discos-483,2006-05-13,Delta Upper Stage,1,,3094.0,FW-4D (Delta E),Rocket Body,10.0,DISCOS cataloguedFragments,12.0,explosion,propulsion,True,,
discos-173,2006-06-10,Proton Ullage Motor,1,,20081.0,Proton-K/DM-2 ullage motor (SOZ),Rocket Mission Related Object,119.0,DISCOS cataloguedFragments,120.0,explosion,propulsion,True,,
discos-175,2006-08-08,Anomalous,1,,28932.0,H-II LE-5B (H-IIA 2022),Rocket Body,,ambiguous: object in 2 DISCOS events,23.0,,,False,not a structural breakup,
discos-432,2006-08-09,Unconfirmed,1,,23342.0,Resurs-O1 N3,Payload,,ambiguous: object in 2 DISCOS events,180.0,,,False,not a structural breakup,
discos-170,2006-08-27,Unknown,1,,28932.0,H-II LE-5B (H-IIA 2022),Rocket Body,,ambiguous: object in 2 DISCOS events,23.0,explosion,unknown,True,,
discos-177,2006-08-31,Aerodynamics,1,,20649.0,Blok-ML (Molniya-M Blok-ML),Rocket Body,0.0,DISCOS cataloguedFragments,1.0,,,False,not a structural breakup,
discos-176,2006-09-01,Proton Ullage Motor,1,,26398.0,Proton-K/DM-2 ullage motor (SOZ),Rocket Mission Related Object,1.0,DISCOS cataloguedFragments,1.0,explosion,propulsion,True,,
discos-459,2006-09-26,Aerodynamics,1,,21900.0,Blok-ML (Molniya-M Blok-ML),Rocket Body,0.0,DISCOS cataloguedFragments,1.0,,,False,not a structural breakup,
discos-363,2006-10-15,Anomalous,1,,21578.0,SARA,Payload,,ambiguous: object in 3 DISCOS events,13.0,,,False,not a structural breakup,
discos-362,2006-10-24,L-14B Class,1,,29507.0,L-14B (YF40B) (Long March (CZ) 4B),Rocket Body,0.0,DISCOS cataloguedFragments,8.0,,,False,not a structural breakup,
discos-179,2006-11-04,Unknown,1,,29523.0,Delta IV DCSS 4 (Delta 4M),Rocket Body,66.0,DISCOS cataloguedFragments,68.0,explosion,unknown,True,,
discos-178,2006-11-17,Cosmos 2031 Class,1,,29402.0,Cosmos-2423,Payload,30.0,DISCOS cataloguedFragments,31.0,explosion,deliberate,True,,
discos-180,2006-12-03,Small Impactor,1,,20323.0,DELTA K (Delta 5920),Rocket Body,25.0,DISCOS cataloguedFragments,103.0,collision,,True,,
discos-181,2006-12-28,H-IIA Class,1,,29394.0,H-II LE-5B (H-IIA 202),Rocket Body,,ambiguous: object in 2 DISCOS events,12.0,explosion,propulsion,True,,
discos-182,2007-01-11,ASAT,1,Fengyun-1C ASAT. KKV mass ~600 kg: Secure World Foundation Chinese ASAT fact sheet (2012). v_rel ~9 km/s: Pardini & Anselmo (2007/2009); estimates range 8-9.4,25730.0,Fengyun 1C,Payload,3536.0,DISCOS cataloguedFragments,3534.0,collision,,True,,
discos-199,2007-02-02,Propulsion,1,,30324.0,H-18 (Long March (CZ) YF) (Long March (CZ) 3A),Rocket Body,1.0,DISCOS cataloguedFragments,40.0,explosion,propulsion,True,,
discos-201,2007-02-14,Proton Ullage Motor,1,,25054.0,Proton-K/DM-2M ullage motor (SOZ),Rocket Mission Related Object,7.0,DISCOS cataloguedFragments,7.0,explosion,propulsion,True,,
discos-200,2007-02-18,Unknown,1,,25940.0,Zi Yuan 1,Payload,90.0,DISCOS cataloguedFragments,433.0,explosion,unknown,True,,
discos-202,2007-02-19,Briz-M,1,,28944.0,Briz-M (Proton-M/Briz-M),Rocket Body,109.0,DISCOS cataloguedFragments,106.0,explosion,propulsion,True,,
discos-695,2007-04-15,ERS/SPOT Class,1,,23560.0,ERS-2,Payload,,ambiguous: object in 5 DISCOS events,8.0,,,False,not a structural breakup,
discos-474,2007-04-24,L-14B Class,1,,28059.0,L-14B (YF40B) (Long March (CZ) 4B),Rocket Body,0.0,DISCOS cataloguedFragments,7.0,,,False,not a structural breakup,
discos-492,2007-05-09,Anomalous,1,,10967.0,Seasat 1,Payload,,ambiguous: object in 16 DISCOS events,21.0,,,False,not a structural breakup,
discos-748,2007-05-22,Small Impactor,1,,27509.0,Meteosat 8 (MSG 1),Payload,0.0,DISCOS cataloguedFragments,3.0,collision,,True,,
discos-194,2007-05-24,Anomalous,1,,3669.0,ISIS 1,Payload,2.0,DISCOS cataloguedFragments,2.0,,,False,not a structural breakup,
discos-195,2007-07-25,H-IIA Class,1,,29394.0,H-II LE-5B (H-IIA 202),Rocket Body,,ambiguous: object in 2 DISCOS events,12.0,explosion,propulsion,True,,
discos-196,2007-11-10,Anomalous,1,,21701.0,UARS,Payload,5.0,DISCOS cataloguedFragments,5.0,,,False,not a structural breakup,
discos-213,2007-11-11,Unknown,1,,32288.0,Delta IV DCSS 5 (Delta 4H),Rocket Body,31.0,DISCOS cataloguedFragments,31.0,explosion,unknown,True,,
discos-214,2008-01-16,Aerodynamics,1,,20941.0,Cosmos-2105,Payload,1.0,DISCOS cataloguedFragments,1.0,,,False,not a structural breakup,
discos-503,2008-01-17,L-14B Class,1,,32063.0,L-14B (YF40B) (Long March (CZ) 4B),Rocket Body,0.0,DISCOS cataloguedFragments,5.0,,,False,not a structural breakup,
discos-215,2008-01-27,Aerodynamics,1,,32274.0,H-18 (Long March (CZ) YF) (Long March (CZ) 3A),Rocket Body,1.0,DISCOS cataloguedFragments,0.0,,,False,not a structural breakup,
discos-385,2008-02-15,Cosmos 862 Class (Explosive Charge),1,,13080.0,Cosmos-1341,Payload,2.0,DISCOS cataloguedFragments,3.0,explosion,deliberate,True,,
discos-216,2008-02-17,Anomalous,1,,23214.0,Blok-ML (Molniya-M Blok-ML),Rocket Body,2.0,DISCOS cataloguedFragments,3.0,,,False,not a structural breakup,
discos-217,2008-02-21,ASAT,1,USA 193 / SM-3 LEAP kinetic warhead. CelesTrak USA-193 post-shootdown analysis,29651.0,USA 193,Payload,174.0,DISCOS cataloguedFragments,174.0,collision,,True,,
discos-218,2008-03-14,Cosmos 699 Class (EORSAT),1,,29247.0,Cosmos-2421,Payload,509.0,DISCOS cataloguedFragments,508.0,explosion,unknown,True,,
discos-219,2008-03-21,Aerodynamics,1,,32259.0,Centaur-5 SEC (Atlas V 421),Rocket Body,0.0,DISCOS cataloguedFragments,0.0,,,False,not a structural breakup,
discos-319,2008-05-30,Anomalous,1,,10967.0,Seasat 1,Payload,,ambiguous: object in 16 DISCOS events,21.0,,,False,not a structural breakup,
discos-389,2008-05-30,Cosmos 862 Class (Explosive Charge),1,,13585.0,Cosmos-1409,Payload,2.0,DISCOS cataloguedFragments,3.0,explosion,deliberate,True,,
discos-223,2008-07-04,TOPAZ Leakage Class,1,,17369.0,Cosmos-1818,Payload,54.0,DISCOS cataloguedFragments,55.0,,,False,not a structural breakup,
discos-440,2008-09-06,Propulsion,1,,33322.0,L-55 (YF24) (Long March (CZ) 2C),Rocket Body,17.0,DISCOS cataloguedFragments,23.0,explosion,propulsion,True,,
discos-423,2008-10-21,Unknown,1,,19070.0,"OSCAR 23 (NNS 30230, SOOS 3A, NIMS 23)",Payload,0.0,DISCOS cataloguedFragments,10.0,explosion,unknown,True,,
discos-491,2009-01-08,Delta Upper Stage,1,,5106.0,FW-4D (Delta E),Rocket Body,0.0,DISCOS cataloguedFragments,7.0,explosion,propulsion,True,,
discos-375,2009-01-24,H-IIA Class,1,,33500.0,H-II LE-5B (H-IIA 202),Rocket Body,10.0,DISCOS cataloguedFragments,10.0,explosion,propulsion,True,,
discos-224,2009-02-10,Collision,2,"Iridium 33 / Cosmos 2251. Impactor mass taken from the DISCOS Iridium 33 object. v_rel: NASA Orbital Debris Quarterly News 13(2), Apr 2009",22675.0,Cosmos-2251,Payload,2375.0,DISCOS cataloguedFragments (sum of 2 objects),2372.0,collision,,True,,24946.0
discos-225,2009-03-08,Proton Ullage Motor,1,,21220.0,Proton-K/DM-2 ullage motor (SOZ),Rocket Mission Related Object,33.0,DISCOS cataloguedFragments,33.0,explosion,propulsion,True,,
discos-697,2009-04-25,ERS/SPOT Class,1,,23560.0,ERS-2,Payload,,ambiguous: object in 5 DISCOS events,8.0,,,False,not a structural breakup,
discos-324,2009-06-03,ERS/SPOT Class,1,,21574.0,ERS-1,Payload,,ambiguous: object in 3 DISCOS events,13.0,,,False,not a structural breakup,
discos-507,2009-06-14,Unconfirmed,1,,13777.0,IRAS 1,Payload,0.0,DISCOS cataloguedFragments,4.0,,,False,not a structural breakup,
discos-429,2009-06-15,Transit Class,1,,35416.0,NNS O-18 insulation,Payload Fragmentation Debris,2.0,DISCOS cataloguedFragments,5.0,,,False,not a structural breakup,
discos-403,2009-06-21,Unconfirmed,1,,22698.0,RADCAL,Payload,4.0,DISCOS cataloguedFragments,6.0,,,False,not a structural breakup,
discos-340,2009-06-22,L-14B Class,1,,33457.0,L-14B (YF40B) (Long March (CZ) 4B),Rocket Body,2.0,DISCOS cataloguedFragments,6.0,,,False,not a structural breakup,
discos-346,2009-06-22,DMSP/NOAA Class,1,,13736.0,DMSP Block 5D-2 F6,Payload,7.0,DISCOS cataloguedFragments,11.0,explosion,battery,True,,
discos-797,2009-08-15,Zenit-2 Upper Stage,1,,24298.0,Zenit-2 second stage,Rocket Body,,ambiguous: object in 3 DISCOS events,13.0,explosion,propulsion,True,,
discos-193,2009-08-30,Anomalous,1,,3047.0,Cosmos-192,Payload,3.0,DISCOS cataloguedFragments,3.0,,,False,not a structural breakup,
discos-707,2009-10-13,Anomalous,1,,25994.0,Terra,Payload,0.0,DISCOS cataloguedFragments,0.0,,,False,not a structural breakup,
discos-358,2009-11-23,DMSP/NOAA Class,1,,35951.0,DMSP F-18 (USA 210),Payload,2.0,DISCOS cataloguedFragments,4.0,explosion,battery,True,,
discos-184,2010-02-04,Unknown,1,,29092.0,Yaogan Weixing 1,Payload,7.0,DISCOS cataloguedFragments,11.0,explosion,unknown,True,,
discos-708,2010-03-12,Anomalous,1,,28376.0,Aura,Payload,0.0,DISCOS cataloguedFragments,0.0,,,False,not a structural breakup,
discos-185,2010-06-21,Aerodynamics,1,,35698.0,Briz-M auxiliary tank (DTB),Rocket Mission Related Object,88.0,DISCOS cataloguedFragments,89.0,,,False,not a structural breakup,
discos-780,2010-08-13,Battery,1,,18123.0,DMSP Block 5D-2 F8,Payload,,ambiguous: object in 2 DISCOS events,11.0,explosion,battery,True,,
discos-352,2010-08-17,H-IIA Class,1,,36105.0,H-II LE-5B (H-IIA 202),Rocket Body,7.0,DISCOS cataloguedFragments,7.0,explosion,propulsion,True,,
discos-186,2010-10-13,Briz-M,1,,32709.0,Briz-M (Proton-M/Briz-M),Rocket Body,122.0,DISCOS cataloguedFragments,122.0,explosion,propulsion,True,,
discos-187,2010-11-01,Unknown,1,,37211.0,H-18 (Long March (CZ) YF) (Long March (CZ) 3C),Rocket Body,61.0,DISCOS cataloguedFragments,61.0,explosion,unknown,True,,
discos-188,2010-11-24,DMSP/NOAA Class,1,,19531.0,NOAA 11,Payload,2.0,DISCOS cataloguedFragments,4.0,explosion,battery,True,,
discos-189,2010-12-23,Aerodynamics,1,,30590.0,H-IIA 2024 Adapter (4/4D-LC),Rocket Mission Related Object,3.0,DISCOS cataloguedFragments,15.0,,,False,not a structural breakup,
discos-434,2011-05-06,ERS/SPOT Class,1,,37575.0,SPOT-4 debris,Payload Fragmentation Debris,0.0,DISCOS cataloguedFragments,8.0,,,False,not a structural breakup,
discos-227,2011-08-18,Proton Ullage Motor,1,,32399.0,Proton-M/DM-2 ullage motor (SOZ),Rocket Mission Related Object,2.0,DISCOS cataloguedFragments,6.0,explosion,propulsion,True,,
discos-438,2011-10-02,DMSP/NOAA Class,1,,21263.0,NOAA 12,Payload,4.0,DISCOS cataloguedFragments,6.0,explosion,battery,True,,
discos-855,2011-11-15,Unknown,1,,13027.0,Cosmos-1331,Payload,1.0,DISCOS cataloguedFragments,3.0,explosion,unknown,True,,
discos-849,2011-11-17,Unknown,1,,5705.0,Cosmos-468,Payload,2.0,DISCOS cataloguedFragments,4.0,explosion,unknown,True,,
discos-228,2011-11-18,Proton Ullage Motor,1,,20630.0,Proton-K/DM-2 ullage motor (SOZ),Rocket Mission Related Object,2.0,DISCOS cataloguedFragments,2.0,explosion,propulsion,True,,
discos-357,2011-11-29,Anomalous,1,,37872.0,Fobos-Grunt,Payload,2.0,DISCOS cataloguedFragments,6.0,,,False,not a structural breakup,
discos-229,2011-12-21,Unknown,1,,38015.0,H-18 (Long March (CZ) YF) (Long March (CZ) 3B/E),Rocket Body,39.0,DISCOS cataloguedFragments,39.0,explosion,unknown,True,,
discos-190,2012-02-26,Propulsion,1,,38092.0,H-18 (Long March (CZ) YF) (Long March (CZ) 3C),Rocket Body,41.0,DISCOS cataloguedFragments,42.0,explosion,propulsion,True,,
discos-316,2012-04-10,L-14B Class,1,,37181.0,L-14B (YF40B) (Long March (CZ) 4C),Rocket Body,0.0,DISCOS cataloguedFragments,5.0,,,False,not a structural breakup,
discos-502,2012-05-09,L-14B Class,1,,37876.0,L-14B (YF40B) (Long March (CZ) 4B),Rocket Body,0.0,DISCOS cataloguedFragments,4.0,,,False,not a structural breakup,
discos-399,2012-05-10,L-14B Class,1,,38259.0,L-14B (YF40B) (Long March (CZ) 4B),Rocket Body,0.0,DISCOS cataloguedFragments,2.0,,,False,not a structural breakup,
discos-321,2012-05-12,L-14B Class,1,,36123.0,L-14B-res (YF40B-res) (Long March (CZ) 4C),Rocket Body,5.0,DISCOS cataloguedFragments,5.0,,,False,not a structural breakup,
discos-500,2012-05-13,L-14B Class,1,,38048.0,L-14B (YF40B) (Long March (CZ) 4B),Rocket Body,0.0,DISCOS cataloguedFragments,4.0,,,False,not a structural breakup,
discos-448,2012-05-13,L-14B Class,1,,36416.0,L-14B-res (YF40B-res) (Long March (CZ) 4C),Rocket Body,0.0,DISCOS cataloguedFragments,5.0,,,False,not a structural breakup,
discos-396,2012-05-14,L-14B Class,1,,38039.0,L-14B (YF40B) (Long March (CZ) 4B),Rocket Body,0.0,DISCOS cataloguedFragments,4.0,,,False,not a structural breakup,
discos-329,2012-05-14,L-14B Class,1,,37215.0,L-14B-res (YF40B-res) (Long March (CZ) 4C),Rocket Body,5.0,DISCOS cataloguedFragments,5.0,,,False,not a structural breakup,
discos-320,2012-05-18,H-IIA Class,1,,38341.0,H-II LE-5B (H-IIA 202),Rocket Body,0.0,DISCOS cataloguedFragments,42.0,explosion,propulsion,True,,
discos-349,2012-06-14,Proton Ullage Motor,1,,23845.0,Blok-DM-2M (Proton-K/DM-2M),Rocket Body,2.0,DISCOS cataloguedFragments,3.0,explosion,propulsion,True,,
discos-497,2012-06-23,Meteor Class,1,,14452.0,Meteor 2-10,Payload,3.0,DISCOS cataloguedFragments,4.0,explosion,unknown,True,,
discos-466,2012-07-10,L-14B Class,1,,38355.0,L-14B-res (YF40B-res) (Long March (CZ) 4C),Rocket Body,0.0,DISCOS cataloguedFragments,4.0,,,False,not a structural breakup,
discos-330,2012-07-15,DMSP/NOAA Class,1,,23455.0,NOAA 14,Payload,1.0,DISCOS cataloguedFragments,3.0,explosion,battery,True,,
discos-461,2012-08-12,Propulsion,1,,37151.0,H-18 (Long March (CZ) YF) (Long March (CZ) 3B/E),Rocket Body,31.0,DISCOS cataloguedFragments,31.0,explosion,propulsion,True,,
discos-230,2012-10-16,Briz-M,1,,38746.0,Briz-M (Proton-M/Briz-M),Rocket Body,116.0,DISCOS cataloguedFragments,117.0,explosion,propulsion,True,,
discos-400,2012-12-16,DMSP/NOAA Class,1,,18822.0,DMSP Block 5D-2 F9,Payload,7.0,DISCOS cataloguedFragments,12.0,explosion,battery,True,,
discos-191,2013-01-22,Anomalous,1,,35871.0,Blits,Payload,1.0,DISCOS cataloguedFragments,1.0,,,False,not a structural breakup,
discos-436,2013-01-27,H-IIA Class,1,,39063.0,H-II LE-5B (H-IIA 202),Rocket Body,1.0,DISCOS cataloguedFragments,4.0,explosion,propulsion,True,,
discos-753,2013-05-22,Small Impactor,1,,29155.0,GOES N,Payload,0.0,DISCOS cataloguedFragments,0.0,collision,,True,,
discos-377,2013-09-01,L-14B Class,1,,39242.0,L-14B-res (YF40B-res) (Long March (CZ) 4C),Rocket Body,2.0,DISCOS cataloguedFragments,2.0,,,False,not a structural breakup,
discos-515,2013-09-29,Unknown,1,,39271.0,Falcon 9 Merlin-V (1D) (Falcon 9 v1.1),Rocket Body,24.0,DISCOS cataloguedFragments,20.0,explosion,unknown,True,,
discos-698,2014-01-02,ERS/SPOT Class,1,,23560.0,ERS-2,Payload,,ambiguous: object in 5 DISCOS events,8.0,,,False,not a structural breakup,
discos-701,2014-02-05,ERS/SPOT Class,1,,21574.0,ERS-1,Payload,,ambiguous: object in 3 DISCOS events,13.0,,,False,not a structural breakup,
discos-367,2014-03-03,H-IIA Class,1,,39580.0,H-II LE-5B (H-IIA 202),Rocket Body,1.0,DISCOS cataloguedFragments,1.0,explosion,propulsion,True,,
discos-211,2014-03-29,Aerodynamics,1,,9889.0,Cosmos-862 fragmentation debris,Payload Fragmentation Debris,0.0,DISCOS cataloguedFragments,13.0,,,False,not a structural breakup,
discos-197,2014-04-01,TOPAZ Leakage Class,1,,18187.0,Cosmos-1867,Payload,42.0,DISCOS cataloguedFragments,43.0,,,False,not a structural breakup,
discos-198,2014-04-30,Small Impactor,1,,25637.0,Delta II second stage (Delta 7920),Rocket Body,7.0,DISCOS cataloguedFragments,7.0,collision,,True,,
discos-209,2014-05-08,Proton Ullage Motor,1,,23402.0,Proton-K/DM-2 ullage motor (SOZ),Rocket Mission Related Object,2.0,DISCOS cataloguedFragments,2.0,explosion,propulsion,True,,
discos-210,2014-05-08,Proton Ullage Motor,1,,33385.0,Proton-M/DM-2 ullage motor (SOZ),Rocket Mission Related Object,1.0,DISCOS cataloguedFragments,12.0,explosion,propulsion,True,,
discos-208,2014-05-10,Small Impactor,1,,31792.0,Cosmos-2428,Payload,9.0,DISCOS cataloguedFragments,20.0,collision,,True,,
discos-402,2014-05-22,Delta 4 Class,1,,39742.0,"Delta IV DCSS 4 (Delta 4M+(4,2))",Rocket Body,14.0,DISCOS cataloguedFragments,14.0,explosion,propulsion,True,,
discos-512,2014-05-27,H-IIA Class,1,,39771.0,H-II LE-5B (H-IIA 202),Rocket Body,1.0,DISCOS cataloguedFragments,1.0,explosion,propulsion,True,,
discos-231,2014-06-07,Small Impactor,1,,25106.0,Iridium 47,Payload,12.0,DISCOS cataloguedFragments,13.0,collision,,True,,
discos-203,2014-07-06,Anomalous,1,,37781.0,Haiyang 2-01,Payload,3.0,DISCOS cataloguedFragments,7.0,,,False,not a structural breakup,
discos-204,2014-07-09,Proton Ullage Motor,1,,36406.0,Proton-M/DM-2 ullage motor (SOZ),Rocket Mission Related Object,12.0,DISCOS cataloguedFragments,36.0,explosion,propulsion,True,,
discos-205,2014-08-13,Proton Ullage Motor,1,,32280.0,Proton-K/DM-2 ullage motor (SOZ),Rocket Mission Related Object,25.0,DISCOS cataloguedFragments,25.0,explosion,propulsion,True,,
discos-510,2014-11-23,Meteor Class,1,,15099.0,Meteor 2-11,Payload,26.0,DISCOS cataloguedFragments,26.0,explosion,unknown,True,,
discos-232,2014-11-30,Anomalous,1,,27372.0,Iridium 91,Payload,4.0,DISCOS cataloguedFragments,4.0,,,False,not a structural breakup,
discos-327,2014-12-05,Delta 4 Class,1,,40330.0,Delta IV DCSS 5 (Delta 4H),Rocket Body,1.0,DISCOS cataloguedFragments,1.0,explosion,propulsion,True,,
discos-233,2015-02-03,DMSP/NOAA Class,1,,23533.0,DMSP Block 5D-2 F13,Payload,237.0,DISCOS cataloguedFragments,241.0,explosion,battery,True,,
discos-412,2015-03-23,L-14B Class,1,,39359.0,L-14B (YF40B) (Long March (CZ) 4B),Rocket Body,0.0,DISCOS cataloguedFragments,4.0,,,False,not a structural breakup,
discos-359,2015-04-15,Scout Class,1,,871.0,Altair 2 (Scout X-4),Rocket Body,0.0,DISCOS cataloguedFragments,4.0,explosion,propulsion,True,,
discos-348,2015-04-20,Delta 4 Class,1,,40535.0,"Delta IV DCSS 4 (Delta 4M+(4,2))",Rocket Body,4.0,DISCOS cataloguedFragments,4.0,explosion,propulsion,True,,
discos-369,2015-04-28,Accidental,1,,40619.0,Progress M-27M,Payload,20.0,DISCOS cataloguedFragments,20.0,explosion,unknown,True,,
discos-277,2015-06-17,Aerodynamics,1,,40279.0,Briz-M auxiliary tank (DTB),Other Mission Related Object,1.0,DISCOS cataloguedFragments,1.0,,,False,not a structural breakup,
discos-318,2015-06-23,Meteor Class,1,,22782.0,Meteor 2-21,Payload,2.0,DISCOS cataloguedFragments,2.0,explosion,unknown,True,,
discos-283,2015-08-04,Unknown,1,,37756.0,Fregat operational debris (SBB),Rocket Mission Related Object,,ambiguous: object in 2 DISCOS events,352.0,explosion,unknown,True,,
discos-226,2015-11-25,DMSP/NOAA Class,1,,26536.0,NOAA 16,Payload,457.0,DISCOS cataloguedFragments,458.0,explosion,battery,True,,
discos-465,2015-12-12,Anomalous,1,,41108.0,Fregat operational debris (SBB),Rocket Mission Related Object,0.0,DISCOS cataloguedFragments,8.0,,,False,not a structural breakup,
discos-285,2015-12-23,Briz-M,1,,38343.0,Briz-M (Proton-M/Briz-M),Rocket Body,1.0,DISCOS cataloguedFragments,11.0,explosion,propulsion,True,,
discos-284,2016-01-16,Briz-M,1,,41122.0,Briz-M (Proton-M/Briz-M),Rocket Body,7.0,DISCOS cataloguedFragments,7.0,explosion,propulsion,True,,
discos-288,2016-03-26,Accidental,1,,41337.0,Hitomi,Payload,10.0,DISCOS cataloguedFragments,14.0,explosion,unknown,True,,
discos-286,2016-03-26,Proton Ullage Motor,1,,33472.0,Proton-M/DM-2 ullage motor (SOZ),Rocket Mission Related Object,17.0,DISCOS cataloguedFragments,17.0,explosion,propulsion,True,,
discos-290,2016-04-15,Aerodynamics,1,,28163.0,Molniya-1T,Payload,1.0,DISCOS cataloguedFragments,3.0,,,False,not a structural breakup,
discos-289,2016-06-01,Proton Ullage Motor,1,,33473.0,Proton-M/DM-2 ullage motor (SOZ),Rocket Mission Related Object,1.0,DISCOS cataloguedFragments,17.0,explosion,propulsion,True,,
discos-278,2016-06-29,Propulsion,1,,34779.0,Beidou DW 2,Payload,2.0,DISCOS cataloguedFragments,0.0,explosion,propulsion,True,,
discos-69,2016-07-18,Small Impactor,1,,35946.0,WorldView-2,Payload,16.0,DISCOS cataloguedFragments,16.0,collision,,True,,
discos-479,2016-07-26,Briz-M,1,,40556.0,Briz-KM (Rokot-KM),Rocket Body,6.0,DISCOS cataloguedFragments,6.0,explosion,propulsion,True,,
discos-281,2016-07-27,Proton Ullage Motor,1,,29680.0,Proton-K/DM-2 ullage motor (SOZ),Rocket Mission Related Object,8.0,DISCOS cataloguedFragments,11.0,explosion,propulsion,True,,
discos-338,2016-08-16,Unconfirmed,1,,1510.0,Dodecapole 2,Payload,0.0,DISCOS cataloguedFragments,12.0,,,False,not a structural breakup,
discos-282,2016-08-23,Small Impactor,1,,39634.0,Sentinel-1A,Payload,8.0,DISCOS cataloguedFragments,8.0,collision,,True,,
discos-279,2016-09-30,Anomalous,1,,38248.0,RISAT-1,Payload,2.0,DISCOS cataloguedFragments,1.0,,,False,not a structural breakup,
discos-517,2016-10-06,Unknown,1,,29957.0,Fengyun 1C debris,Payload Fragmentation Debris,12.0,DISCOS cataloguedFragments,3534.0,explosion,unknown,True,,
discos-280,2016-10-23,Anomalous,1,,23233.0,DMSP Block 5D-2 F12,Payload,4.0,DISCOS cataloguedFragments,8.0,,,False,not a structural breakup,
discos-702,2017-03-07,ERS/SPOT Class,1,,21574.0,ERS-1,Payload,,ambiguous: object in 3 DISCOS events,13.0,,,False,not a structural breakup,
discos-518,2017-06-17,Anomalous,1,,27820.0,AMC 9 (GE 12),Payload,,ambiguous: object in 2 DISCOS events,1.0,,,False,not a structural breakup,
discos-561,2017-07-01,Unknown,1,,27820.0,AMC 9 (GE 12),Payload,,ambiguous: object in 2 DISCOS events,1.0,explosion,unknown,True,,
discos-526,2017-08-25,Propulsion,1,,25880.0,Telkom 1,Payload,1.0,DISCOS cataloguedFragments,0.0,explosion,propulsion,True,,
discos-519,2017-09-03,Proton Ullage Motor,1,,37143.0,Proton-M/DM-2 ullage motor (SOZ),Rocket Mission Related Object,9.0,DISCOS cataloguedFragments,37.0,explosion,propulsion,True,,
discos-699,2018-01-01,Anomalous,1,,23561.0,H10+ (Ariane 40 H10+),Rocket Body,1.0,DISCOS cataloguedFragments,8.0,,,False,not a structural breakup,
discos-612,2018-02-12,Propulsion,1,,43089.0,Fregat operational debris (SBB),Rocket Mission Related Object,5.0,DISCOS cataloguedFragments,9.0,explosion,propulsion,True,,
discos-579,2018-02-28,Titan Transtage,1,,3692.0,Transtage 17 (Titan IIIC),Rocket Body,54.0,DISCOS cataloguedFragments,18.0,explosion,propulsion,True,,
discos-796,2018-04-15,Zenit-2 Upper Stage,1,,24298.0,Zenit-2 second stage,Rocket Body,,ambiguous: object in 3 DISCOS events,13.0,explosion,propulsion,True,,
discos-645,2018-05-22,Proton Ullage Motor,1,,36407.0,Proton-M/DM-2 ullage motor (SOZ),Rocket Mission Related Object,23.0,DISCOS cataloguedFragments,36.0,explosion,propulsion,True,,
discos-646,2018-08-17,Propulsion,1,,39411.0,L-14B-res (YF40B-res) (Long March (CZ) 4C),Rocket Body,1.0,DISCOS cataloguedFragments,6.0,explosion,propulsion,True,,
discos-648,2018-08-24,Proton Ullage Motor,1,,28920.0,Proton-K/DM-2 ullage motor (SOZ),Rocket Mission Related Object,3.0,DISCOS cataloguedFragments,1.0,explosion,propulsion,True,,
discos-647,2018-08-30,Propulsion,1,,40209.0,Centaur-5 SEC (Atlas V 401),Rocket Body,533.0,DISCOS cataloguedFragments,109.0,explosion,propulsion,True,,
discos-649,2018-12-22,Unknown,1,,25417.0,Orbcomm FM16,Payload,14.0,DISCOS cataloguedFragments,12.0,explosion,unknown,True,,
discos-655,2019-02-06,Propulsion,1,,43682.0,H-II LE-5B (H-IIA 202),Rocket Body,0.0,DISCOS cataloguedFragments,132.0,explosion,propulsion,True,,
discos-654,2019-02-06,Anomalous,1,,43673.0,H-IIA 202 lower payload fairing half (4/4D-LC),Rocket Mission Related Object,,ambiguous: object in 2 DISCOS events,132.0,,,False,not a structural breakup,
discos-651,2019-03-25,Propulsion,1,,35816.0,Centaur-5 SEC (Atlas V 401),Rocket Body,605.0,DISCOS cataloguedFragments,1.0,explosion,propulsion,True,,
discos-650,2019-03-27,ASAT,1,Microsat-R / Mission Shakti. v_rel ~10 km/s (DRDO). TODO: interceptor mass not published,43947.0,Microsat-R,Payload,129.0,DISCOS cataloguedFragments,129.0,collision,,True,,
discos-653,2019-04-06,Propulsion,1,,43652.0,Centaur-5 SEC (Atlas V 551),Rocket Body,962.0,DISCOS cataloguedFragments,214.0,explosion,propulsion,True,,
discos-652,2019-04-07,Propulsion,1,,41308.0,Intelsat IS-29e,Payload,2.0,DISCOS cataloguedFragments,3.0,explosion,propulsion,True,,
discos-690,2019-05-07,Titan Transtage,1,,8751.0,Transtage 30 (Titan IIIC),Rocket Body,1.0,DISCOS cataloguedFragments,2.0,explosion,propulsion,True,,
discos-694,2019-06-05,Unknown,1,,44317.0,Long March (CZ) 11 fourth stage,Rocket Body,8.0,DISCOS cataloguedFragments,8.0,explosion,unknown,True,,
discos-696,2019-07-11,ERS/SPOT Class,1,,23560.0,ERS-2,Payload,,ambiguous: object in 5 DISCOS events,8.0,,,False,not a structural breakup,
discos-657,2019-07-22,Ariane Upper Stage,1,,22079.0,H10 (Ariane 42P H10),Rocket Body,10.0,DISCOS cataloguedFragments,10.0,explosion,propulsion,True,,
discos-691,2019-08-19,Proton Ullage Motor,1,,37144.0,Proton-M/DM-2 ullage motor (SOZ),Rocket Mission Related Object,23.0,DISCOS cataloguedFragments,37.0,explosion,propulsion,True,,
discos-705,2019-09-30,Unknown,1,,44422.0,Cosmos-2536,Payload,9.0,DISCOS cataloguedFragments,26.0,explosion,unknown,True,,
discos-703,2019-10-23,Proton Ullage Motor,1,,29682.0,Proton-K/DM-2 ullage motor (SOZ),Rocket Mission Related Object,4.0,DISCOS cataloguedFragments,11.0,explosion,propulsion,True,,
discos-692,2019-12-18,Meteor Class,1,,44387.0,Meteor-M 2-2,Payload,0.0,DISCOS cataloguedFragments,0.0,explosion,unknown,True,,
discos-741,2019-12-22,Proton Ullage Motor,1,,36116.0,Proton-M/DM-2 ullage motor (SOZ),Rocket Mission Related Object,2.0,DISCOS cataloguedFragments,10.0,explosion,propulsion,True,,
discos-693,2019-12-23,Unknown,1,,39497.0,Cosmos 2491 (RS 46),Payload,50.0,DISCOS cataloguedFragments,51.0,explosion,unknown,True,,
discos-742,2020-01-09,Unknown,1,,44421.0,Cosmos-2535,Payload,17.0,DISCOS cataloguedFragments,26.0,explosion,unknown,True,,
discos-704,2020-02-12,Tsyklon Upper Stage,1,,21656.0,Tsyklon-3-3 (Tsyklon SL-14 (F-2)),Rocket Body,111.0,DISCOS cataloguedFragments,111.0,explosion,propulsion,True,,
discos-740,2020-05-08,Propulsion,1,,37756.0,Fregat operational debris (SBB),Rocket Mission Related Object,,ambiguous: object in 2 DISCOS events,352.0,explosion,propulsion,True,,
discos-743,2020-07-12,Small Impactor,1,,43673.0,H-IIA 202 lower payload fairing half (4/4D-LC),Rocket Mission Related Object,,ambiguous: object in 2 DISCOS events,132.0,collision,,True,,
discos-744,2020-08-27,Unknown,1,,23342.0,Resurs-O1 N3,Payload,,ambiguous: object in 2 DISCOS events,180.0,explosion,unknown,True,,
discos-763,2021-03-10,Battery,1,,27453.0,NOAA 17,Payload,114.0,DISCOS cataloguedFragments,115.0,explosion,battery,True,,
discos-784,2021-03-18,Collision,1,Yunhai 1-02 struck by Zenit-2 debris (48078). TODO: impactor mass and v_rel,44547.0,Yunhai 1-02,Payload,37.0,DISCOS cataloguedFragments,40.0,collision,,True,,
discos-875,2021-10-24,Unknown,1,,39765.0,Cosmos-2499,Payload,,ambiguous: object in 2 DISCOS events,73.0,explosion,unknown,True,,
discos-861,2021-11-15,ASAT,1,Cosmos 1408 / Nudol. TODO: interceptor mass and v_rel not public; LeoLabs suggests < 6 km/s,13552.0,Cosmos-1408,Payload,1808.0,DISCOS cataloguedFragments,1806.0,collision,,True,,
discos-877,2021-11-18,Unknown,1,,25117.0,Orbcomm FM05,Payload,14.0,DISCOS cataloguedFragments,14.0,explosion,unknown,True,,
discos-876,2021-11-26,Unknown,1,,45877.0,ORION 38 (Pegasus XL) (Minotaur-4),Rocket Body,29.0,DISCOS cataloguedFragments,29.0,explosion,unknown,True,,
discos-882,2022-04-15,Proton Ullage Motor,1,,32398.0,Proton-M/DM-2 ullage motor (SOZ),Rocket Mission Related Object,2.0,DISCOS cataloguedFragments,6.0,explosion,propulsion,True,,
discos-889,2022-07-03,Small Impactor,1,,43674.0,H-IIA 202 lower payload fairing half (4/4D-LC),Rocket Mission Related Object,7.0,DISCOS cataloguedFragments,132.0,collision,,True,,
discos-890,2022-11-12,CZ-6A Upper Stage,1,,54236.0,L-15 (YF-115) (Long March (CZ) 6A),Rocket Body,790.0,DISCOS cataloguedFragments,800.0,explosion,propulsion,True,,
discos-891,2022-11-17,Unknown,1,,38345.0,H-IIA 202 Adapter (4/4D-LC),Rocket Mission Related Object,39.0,DISCOS cataloguedFragments,42.0,explosion,unknown,True,,
discos-894,2023-01-04,Unknown,1,,39765.0,Cosmos-2499,Payload,,ambiguous: object in 2 DISCOS events,73.0,explosion,unknown,True,,
discos-895,2023-02-10,Propulsion,1,,55565.0,SS-3 (SSLV),Rocket Body,5.0,DISCOS cataloguedFragments,5.0,explosion,propulsion,True,,
discos-896,2023-03-11,Unknown,1,,25984.0,Orbcomm FM36,Payload,9.0,DISCOS cataloguedFragments,9.0,explosion,unknown,True,,
discos-995,2023-06-29,Battery,1,,21299.0,Cosmos-2143,Payload,6.0,DISCOS cataloguedFragments,6.0,explosion,battery,True,,
discos-945,2023-07-31,Small Impactor,1,,39162.0,VESPA Upper Part,Rocket Mission Related Object,7.0,DISCOS cataloguedFragments,8.0,collision,,True,,
discos-1060,2023-10-20,Unknown,1,,4419.0,Meteor 1-5,Payload,0.0,DISCOS cataloguedFragments,4.0,explosion,unknown,True,,
discos-1033,2024-04-02,CZ-6A Upper Stage,1,,59344.0,L-15 (YF-115) (Long March (CZ) 6A),Rocket Body,0.0,DISCOS cataloguedFragments,0.0,explosion,propulsion,True,,
discos-1053,2024-04-08,Propulsion,1,,26106.0,Fregat Dumsat,Payload,0.0,DISCOS cataloguedFragments,1.0,explosion,propulsion,True,,
discos-1059,2024-05-27,Electrical,1,,37806.0,Cosmos-2473,Payload,0.0,DISCOS cataloguedFragments,1.0,explosion,battery,True,,
discos-1028,2024-06-26,Unknown,1,,39186.0,Resurs-P No. 1,Payload,19.0,DISCOS cataloguedFragments,19.0,explosion,unknown,True,,
discos-1035,2024-07-05,CZ-6A Upper Stage,1,,60214.0,L-15 (YF-115) (Long March (CZ) 6A),Rocket Body,0.0,DISCOS cataloguedFragments,1.0,explosion,propulsion,True,,
discos-1030,2024-07-19,DMSP/NOAA Class,1,,18123.0,DMSP Block 5D-2 F8,Payload,,ambiguous: object in 2 DISCOS events,11.0,explosion,battery,True,,
discos-1032,2024-08-06,CZ-6A Upper Stage,1,,60397.0,L-15 (YF-115) (Long March (CZ) 6A),Rocket Body,705.0,DISCOS cataloguedFragments,705.0,explosion,propulsion,True,,
discos-1054,2024-09-06,Propulsion,1,,43227.0,Centaur-5 SEC (Atlas V 541),Rocket Body,843.0,DISCOS cataloguedFragments,0.0,explosion,propulsion,True,,
discos-1037,2024-10-19,Propulsion,1,,41748.0,Intelsat 33e (IS-33e),Payload,1086.0,DISCOS cataloguedFragments,37.0,explosion,propulsion,True,,
discos-1058,2024-12-01,Propulsion,1,,62187.0,Long March (CZ) 12 second stage,Rocket Body,0.0,DISCOS cataloguedFragments,0.0,explosion,propulsion,True,,
discos-1057,2024-12-19,Battery,1,,24753.0,DMSP Block 5D-2 F14,Payload,15.0,DISCOS cataloguedFragments,19.0,explosion,battery,True,,
discos-1106,2025-01-17,Propulsion,0,,,,,,,,,,False,no objects linked,
discos-1099,2025-06-01,Unknown,1,,57839.0,Centaur-5 SEC (Atlas V 551),Rocket Body,0.0,DISCOS cataloguedFragments,2.0,explosion,unknown,True,,
discos-1105,2025-12-18,Propulsion,1,,66629.0,Starlink 35956,Payload,0.0,DISCOS cataloguedFragments,0.0,explosion,propulsion,True,,
discos-1108,2026-03-29,Propulsion,1,,64157.0,Starlink 34343,Payload,3.0,DISCOS cataloguedFragments,2.0,explosion,propulsion,True,,
