norad_id,name,discos_object_class,gunter_match,gunter_slug,mass_source,volume_source,bus_family,bus_family_source,overrides,dropped
118,Able-Star (Thor-Ablestar),Rocket Body,,,DISCOS,DISCOS shape,Able-Star,name,,
443,Sputnik 22,Payload,no payload links,,DISCOS,DISCOS shape,Sputnik,name,,
694,CENTAUR C (Atlas LV3C),Rocket Body,,,DISCOS,DISCOS shape,CENTAUR C,name,,
746,Elektron 1,Payload,name match 1.00,elektron-1,DISCOS,DISCOS shape,elektron-1,Gunter page,,
869,Cosmos-41,Payload,only payload type on launch,molniya-1_okb1,DISCOS,DISCOS shape,KAUR-2,Gunter configuration,,
871,Altair 2 (Scout X-4),Rocket Body,,,DISCOS,DISCOS shape,Altair,name,,
919,Cosmos-50,Payload,only payload type on launch,zenit-2,DISCOS,DISCOS shape,Zenit,Gunter configuration,,
1093,Cosmos-57,Payload,only payload type on launch,voskhod-3kd,DISCOS,DISCOS shape,Vostok / Zenit,Gunter configuration,,
1270,Cosmos 3 second stage (S3) (Cosmos 1 (65S3)),Rocket Body,,,DISCOS,DISCOS shape,Cosmos 3 second stage,name,,
1502,Altair 3 (Scout B-1),Rocket Body,,,DISCOS,DISCOS shape,Altair,name,,
1706,Cosmos-95,Payload,only payload type on launch,ds-u2-v,DISCOS,,DS,Gunter configuration,,
1729,FW-4D (Delta E),Rocket Body,,,DISCOS,DISCOS shape,FW-4D,name,,
1815,Altair 2 (Scout X-4),Rocket Body,,,DISCOS,DISCOS shape,Altair,name,,
1822,Titan Transtage (Titan IIIC),Rocket Body,,,DISCOS,DISCOS shape,Titan Transtage,name,,
1863,Titan Transtage (OV2 3) (Titan IIIC),Rocket Body,,,DISCOS,DISCOS shape,Titan Transtage,name,,
2015,OPS 3031 (Bluebell 2S),Payload,name match 0.59,bluebell-2s,DISCOS,,bluebell-2s,Gunter page,,
2176,"Transit 13 (NNS 30090, OPS 0082)",Payload,only payload type on launch,transit-o,DISCOS,DISCOS shape,Transit,Gunter configuration,,
2188,ATLAS MA-5 (Atlas SLV3),Rocket Body,,,DISCOS,DISCOS shape,ATLAS MA-5,name,,
2253,PAGEOS 1,Payload,only payload type on launch,pageos,DISCOS,DISCOS shape,pageos,Gunter page,,
2289,Saturn IVB (S-IB) (Saturn IB),Rocket Body,,,DISCOS,DISCOS shape,Saturn IVB,name,,
2437,Cosmos U-1 (OGCh),Payload,no payload links,,DISCOS,,Cosmos U,name,,
2543,Cosmos U-2 warhead(OGCh),Payload,no payload links,,DISCOS,,Cosmos U-2 warhead(OGCh),name,,
2643,FW-4D (Delta E),Rocket Body,,,DISCOS,DISCOS shape,FW-4D,name,,
2801,Cosmos-158,Payload,only payload type on launch,zaliv-gvm,DISCOS,DISCOS shape,zaliv-gvm,Gunter page,,
3021,Cosmos-189,Payload,only payload type on launch,tselina-o,DISCOS,DISCOS shape,tselina-o,Gunter page,,
3094,FW-4D (Delta E),Rocket Body,,,DISCOS,DISCOS shape,FW-4D,name,,
3099,Cosmos-199 equipment bay (Priborniy otsek),Payload Mission Related Object,,,DISCOS,,Cosmos-199 equipment bay,name,,
3100,Cosmos-200,Payload,only payload type on launch,tselina-o,DISCOS,DISCOS shape,tselina-o,Gunter page,,
3129,Cosmos-203,Payload,only payload type on launch,sfera,DISCOS,DISCOS shape,KAUR-1,Gunter configuration,,
3171,Saturn IVB (S-V) (Saturn V),Rocket Body,,,DISCOS,DISCOS shape,Saturn IVB,name,,
3315,Star 37D (Delta J),Rocket Body,,,DISCOS,,Star 37D,name,,
3432,Transtage 5 (Titan IIIC),Rocket Body,,,DISCOS,DISCOS shape,Transtage,name,,
3503,Cosmos-248,Payload,only payload type on launch,i2m,DISCOS,DISCOS shape,i2m,Gunter page,,
3504,Cosmos-249,Payload,only payload type on launch,i2p,DISCOS,DISCOS shape,i2p,Gunter page,,
3526,Cosmos-250,Payload,only payload type on launch,tselina-o,DISCOS,DISCOS shape,tselina-o,Gunter page,,
3530,Cosmos-252,Payload,only payload type on launch,i2p,DISCOS,DISCOS shape,i2p,Gunter page,,
3616,Delta E (Delta N),Rocket Body,,,DISCOS,DISCOS shape,Delta E,name,,
3692,Transtage 17 (Titan IIIC),Rocket Body,,,DISCOS,DISCOS shape,Transtage,name,,
3776,Cosmos 3 second stage (S3) (Cosmos 3M (11K65M)),Rocket Body,,,DISCOS,DISCOS shape,Cosmos 3 second stage,name,,
3818,Cosmos-272,Payload,only payload type on launch,sfera,DISCOS,,KAUR-1,Gunter configuration,,
3836,Vostok 8A92M-2 (Vostok SL-3 (A-1)),Rocket Body,,,DISCOS,DISCOS shape,Vostok 8A92M-2,name,,
4052,Star 37D (Delta M),Rocket Body,,,DISCOS,,Star 37D,name,,
4070,Cosmos-292,Payload,only payload type on launch,zaliv,DISCOS,DISCOS shape,KAUR-1,Gunter configuration,,
4159,Agena D (Thorad-Agena D),Rocket Body,,,DISCOS,DISCOS shape,Agena D,name,,
4273,Cosmos-315,Payload,only payload type on launch,tselina-o,DISCOS,DISCOS shape,tselina-o,Gunter page,,
4367,Agena D (Thorad-Agena D),Rocket Body,,,DISCOS,DISCOS shape,Agena D,name,,
4419,Meteor 1-5,Payload,only payload type on launch,meteor-1,DISCOS,DISCOS shape,meteor-1,Gunter page,,
4497,Cosmos-358,Payload,only payload type on launch,ds-p1-m,DISCOS,DISCOS shape,ds-p1-m,Gunter page,,
4594,Cosmos-374,Payload,only payload type on launch,i2p,DISCOS,DISCOS shape,i2p,Gunter page,,
4598,Cosmos-375,Payload,only payload type on launch,i2p,DISCOS,DISCOS shape,i2p,Gunter page,,
4783,Cosmos-381,Payload,only payload type on launch,ionosfernaya,DISCOS,DISCOS shape,KAUR-1,Gunter configuration,,
4806,Cosmos-387,Payload,only payload type on launch,tselina-o,DISCOS,DISCOS shape,tselina-o,Gunter page,,
4922,Cosmos-394,Payload,only payload type on launch,ds-p1-m,DISCOS,DISCOS shape,ds-p1-m,Gunter page,,
4955,Cosmos-395,Payload,only payload type on launch,tselina-o,DISCOS,DISCOS shape,tselina-o,Gunter page,,
4964,Cosmos-397,Payload,only payload type on launch,i2p,DISCOS,DISCOS shape,i2p,Gunter page,,
5050,Cosmos-400,Payload,only payload type on launch,ds-p1-m,DISCOS,DISCOS shape,ds-p1-m,Gunter page,,
5106,FW-4D (Delta E),Rocket Body,,,DISCOS,DISCOS shape,FW-4D,name,,
5174,Cosmos-407,Payload,only payload type on launch,strela-2m,DISCOS,DISCOS shape,strela-2m,Gunter page,,
5253,Cosmos-425,Payload,only payload type on launch,tselina-o,DISCOS,DISCOS shape,tselina-o,Gunter page,,
5281,Cosmos-426,Payload,only payload type on launch,ds-u2-k,DISCOS,,DS,Gunter configuration,,
5461,Cosmos-436,Payload,only payload type on launch,tselina-o,DISCOS,DISCOS shape,tselina-o,Gunter page,,
5466,Cosmos-437,Payload,only payload type on launch,tselina-o,DISCOS,DISCOS shape,tselina-o,Gunter page,,
5625,Cosmos-459,Payload,only payload type on launch,ds-p1-m,DISCOS,DISCOS shape,ds-p1-m,Gunter page,,
5628,Cosmos-460,Payload,only payload type on launch,tselina-o,DISCOS,DISCOS shape,tselina-o,Gunter page,,
5643,Cosmos-461,Payload,only payload type on launch,ds-u2-mt,DISCOS,DISCOS shape,DS,Gunter configuration,,
5646,Cosmos-462,Payload,only payload type on launch,i2p,DISCOS,DISCOS shape,i2p,Gunter page,,
5705,Cosmos-468,Payload,only payload type on launch,strela-2m,DISCOS,DISCOS shape,strela-2m,Gunter page,,
5729,Aureole 1,Payload,only payload type on launch,oreol-1,DISCOS,,DS-U2,Gunter configuration,,
5731,Meteor 1-10,Payload,only payload type on launch,meteor-1,DISCOS,DISCOS shape,meteor-1,Gunter page,,
5894,Cosmos-479,Payload,only payload type on launch,tselina-o,DISCOS,DISCOS shape,tselina-o,Gunter page,,
6097,Cosmos-500,Payload,only payload type on launch,tselina-o,DISCOS,DISCOS shape,tselina-o,Gunter page,,
6127,DSV-3H-4 (Delta 900),Rocket Body,,,DISCOS,DISCOS shape,DSV-3H-4,name,,
6148,Cosmos-514,Payload,only payload type on launch,zaliv-gvm,DISCOS,DISCOS shape,zaliv-gvm,Gunter page,,
6206,Cosmos-521,Payload,only payload type on launch,ds-p1-m,DISCOS,DISCOS shape,ds-p1-m,Gunter page,,
6319,Cosmos-539,Payload,only payload type on launch,sfera,DISCOS,DISCOS shape,KAUR-1,Gunter configuration,,
6343,Cosmos-544,Payload,only payload type on launch,tselina-o,DISCOS,DISCOS shape,tselina-o,Gunter page,,
6373,Cosmos-549,Payload,only payload type on launch,tselina-o,DISCOS,DISCOS shape,tselina-o,Gunter page,,
6399,Proton-K 8S812,Rocket Body,,,DISCOS,DISCOS shape,Proton-K 8S812,name,,
6432,Cosmos-554,Payload,only payload type on launch,zenit-4mk,DISCOS,DISCOS shape,Zenit,Gunter configuration,,
6921,DSV-3H-4 (Delta 300),Rocket Body,,,DISCOS,DISCOS shape,DSV-3H-4,name,,
6950,Cosmos-610,Payload,only payload type on launch,tselina-o,DISCOS,DISCOS shape,tselina-o,Gunter page,,
7109,Cosmos-631,Payload,only payload type on launch,tselina-o,DISCOS,DISCOS shape,tselina-o,Gunter page,,
7219,Star 26B (Thor-Burner IIA),Rocket Body,,,DISCOS,DISCOS shape,Star 26B,name,,
7299,Intercosmos 11,Payload,only payload type on launch,interkosmos-1,DISCOS,,DS-U3,Gunter configuration,,
7306,Cosmos-655,Payload,only payload type on launch,tselina-o,DISCOS,DISCOS shape,tselina-o,Gunter page,,
7433,Cosmos-676,Payload,only payload type on launch,strela-2m,DISCOS,DISCOS shape,strela-2m,Gunter page,,
7532,DELTA P (Delta 2310),Rocket Body,,,DISCOS,DISCOS shape,DELTA P,name,,
7576,Cosmos-698,Payload,only payload type on launch,tselina-o,DISCOS,DISCOS shape,tselina-o,Gunter page,,
7587,Cosmos-699,Payload,only payload type on launch,us-p,DISCOS,DISCOS shape,US,Gunter configuration,,
7616,DELTA P (Delta 2910),Rocket Body,,,DISCOS,DISCOS shape,DELTA P,name,,
7735,DELTA P (Delta 1410),Rocket Body,,,DISCOS,DISCOS shape,DELTA P,name,,
7753,Cosmos 3 second stage (S3) (Cosmos 3M (11K65M)),Rocket Body,,,DISCOS,DISCOS shape,Cosmos 3 second stage,name,,
7946,DELTA P (Delta 2910),Rocket Body,,,DISCOS,DISCOS shape,DELTA P,name,,
8009,Cosmos-749,Payload,only payload type on launch,tselina-o,DISCOS,DISCOS shape,tselina-o,Gunter page,,
8191,Cosmos-758,Payload,only payload type on launch,yantar-2k,DISCOS,DISCOS shape,Yantar,Gunter configuration,,
8416,Cosmos-777,Payload,only payload type on launch,us-p,DISCOS,DISCOS shape,US,Gunter configuration,,
8444,Cosmos-781,Payload,only payload type on launch,tselina-o,DISCOS,DISCOS shape,tselina-o,Gunter page,,
8471,Intercosmos 14,Payload,only payload type on launch,interkosmos-3,DISCOS,,DS-U2,Gunter configuration,,
8530,Cosmos-787,Payload,only payload type on launch,tselina-o,DISCOS,DISCOS shape,tselina-o,Gunter page,,
8751,Transtage 30 (Titan IIIC),Rocket Body,,,DISCOS,DISCOS shape,Transtage,name,,
8794,Cosmos-812,Payload,only payload type on launch,tselina-o,DISCOS,DISCOS shape,tselina-o,Gunter page,,
8932,Cosmos-838,Payload,only payload type on launch,us-p,DISCOS,DISCOS shape,US,Gunter configuration,,
9011,Cosmos-839,Payload,no payload links,,DISCOS,DISCOS shape,Cosmos,name,,
9046,Cosmos-844,Payload,only payload type on launch,yantar-2k,DISCOS,DISCOS shape,Yantar,Gunter configuration,,
9053,Cosmos-845,Payload,only payload type on launch,tselina-o,DISCOS,DISCOS shape,tselina-o,Gunter page,,
9063,DELTA P (Delta 2310),Rocket Body,,,DISCOS,DISCOS shape,DELTA P,name,,
9495,Cosmos-862,Payload,only payload type on launch,us-k,DISCOS,,us-k,Gunter page,,
9573,Cosmos-870,Payload,only payload type on launch,tselina-o,DISCOS,DISCOS shape,tselina-o,Gunter page,,
9601,Cosmos-880,Payload,only payload type on launch,ds-p1-m,DISCOS,DISCOS shape,ds-p1-m,Gunter page,,
9614,Cosmos-884,Payload,only payload type on launch,zenit-4mk,DISCOS,DISCOS shape,Zenit,Gunter configuration,,
9634,Cosmos-886,Payload,only payload type on launch,is-a,DISCOS,DISCOS shape,is-a,Gunter page,,
9833,Cosmos-893,Payload,only payload type on launch,ds-u2-ik-gvm,DISCOS,DISCOS shape,ds-u2-ik-gvm,Gunter page,,
9883,Cosmos-899,Payload,only payload type on launch,tselina-o,DISCOS,DISCOS shape,tselina-o,Gunter page,,
9911,Cosmos-903,Payload,only payload type on launch,us-k,DISCOS,,us-k,Gunter page,,
10010,Cosmos-909,Payload,only payload type on launch,ds-p1-m,DISCOS,DISCOS shape,ds-p1-m,Gunter page,,
10059,Cosmos-917,Payload,only payload type on launch,us-k,DISCOS,,us-k,Gunter page,,
10129,Cosmos-924,Payload,only payload type on launch,tselina-o,DISCOS,DISCOS shape,tselina-o,Gunter page,,
10144,DELTA P (Delta 2914),Rocket Body,,,DISCOS,DISCOS shape,DELTA P,name,,
10150,Cosmos-931,Payload,only payload type on launch,us-k,DISCOS,,us-k,Gunter page,,
10365,Ekran 2,Payload,only payload type on launch,ekran,DISCOS,DISCOS shape,KAUR-3,Gunter configuration,,
10531,Cosmos-970,Payload,only payload type on launch,is-a,DISCOS,DISCOS shape,is-a,Gunter page,,
10599,Cosmos-985,Payload,only payload type on launch,parus,DISCOS,DISCOS shape,KAUR-1,Gunter configuration,,
10704,DELTA P (Delta 2910),Rocket Body,,,DISCOS,DISCOS shape,DELTA P,name,,
10898,Cosmos-1008,Payload,only payload type on launch,tselina-o,DISCOS,DISCOS shape,tselina-o,Gunter page,,
10970,Cosmos-1024,Payload,only payload type on launch,us-k,DISCOS,,us-k,Gunter page,,
11015,Cosmos-1030,Payload,only payload type on launch,us-k,DISCOS,,us-k,Gunter page,,
11060,Tiros N,Payload,only payload type on launch,noaa-a,DISCOS,DISCOS shape,TIROS-N,Gunter configuration,,
11081,DELTA P (Delta 2910),Rocket Body,,,DISCOS,DISCOS shape,DELTA P,name,,
11087,Tsyklon-3-3 (Tsyklon SL-14 (F-2)),Rocket Body,,,DISCOS,DISCOS shape,Tsyklon-3-3,name,,
11150,Cosmos-1062,Payload,only payload type on launch,tselina-o,DISCOS,DISCOS shape,tselina-o,Gunter page,,
11261,Ayame 1,Payload,only payload type on launch,ecs-a,DISCOS,DISCOS shape,ecs-a,Gunter page,,
11278,Solwind,Payload,only payload type on launch,solwind,DISCOS,DISCOS shape,solwind,Gunter page,,
11333,Cosmos-1094,Payload,only payload type on launch,us-p,DISCOS,DISCOS shape,US,Gunter configuration,,
11416,NOAA 6,Payload,only payload type on launch,noaa-a,DISCOS,DISCOS shape,TIROS-N,Gunter configuration,,
11417,Cosmos-1109,Payload,only payload type on launch,us-k,DISCOS,,us-k,Gunter page,,
11509,Cosmos-1124,Payload,only payload type on launch,us-k,DISCOS,,us-k,Gunter page,,
11561,Ekran 4,Payload,only payload type on launch,ekran,DISCOS,DISCOS shape,KAUR-3,Gunter configuration,,
11605,Meteor 2-5,Payload,only payload type on launch,meteor-2,DISCOS,DISCOS shape,SP-1,Gunter configuration,,
11635,RCA Satcom III,Payload,only payload type on launch,satcom-1,DISCOS,,AS-3000,Gunter configuration,,
11659,H8 (Ariane 1),Rocket Body,,,DISCOS,DISCOS shape,H8,name,,
11715,Ayame 2,Payload,only payload type on launch,ecs-a,DISCOS,DISCOS shape,ecs-a,Gunter page,,
11729,Cosmos-1167,Payload,only payload type on launch,us-p,DISCOS,DISCOS shape,US,Gunter configuration,,
11750,Cosmos-1171,Payload,only payload type on launch,ds-p1-m,DISCOS,DISCOS shape,ds-p1-m,Gunter page,,
11765,Cosmos-1174,Payload,only payload type on launch,is-a,DISCOS,DISCOS shape,is-a,Gunter page,,
11844,Cosmos-1188,Payload,only payload type on launch,us-k,DISCOS,,us-k,Gunter page,,
11871,Cosmos-1191,Payload,only payload type on launch,us-k,DISCOS,,us-k,Gunter page,,
11962,Meteor 2-6,Payload,only payload type on launch,meteor-2,DISCOS,DISCOS shape,SP-1,Gunter configuration,,
12016,Cosmos-1215,Payload,only payload type on launch,tselina-o,DISCOS,DISCOS shape,tselina-o,Gunter page,,
12032,Cosmos-1217,Payload,only payload type on launch,us-k,DISCOS,,us-k,Gunter page,,
12054,Cosmos-1220,Payload,only payload type on launch,us-p,DISCOS,DISCOS shape,US,Gunter configuration,,
12149,Cosmos-1241,Payload,only payload type on launch,ds-p1-m,DISCOS,DISCOS shape,ds-p1-m,Gunter page,,
12303,Cosmos-1247,Payload,only payload type on launch,us-k,DISCOS,,us-k,Gunter page,,
12364,Cosmos-1260,Payload,only payload type on launch,us-p,DISCOS,DISCOS shape,US,Gunter configuration,,
12376,Cosmos-1261,Payload,only payload type on launch,us-k,DISCOS,,us-k,Gunter page,,
12456,Meteor 2-7,Payload,only payload type on launch,meteor-2,DISCOS,DISCOS shape,SP-1,Gunter configuration,,
12504,Cosmos-1275,Payload,only payload type on launch,parus,DISCOS,DISCOS shape,KAUR-1,Gunter configuration,,
12547,Cosmos-1278,Payload,only payload type on launch,us-k,DISCOS,,us-k,Gunter page,,
12553,NOAA 7,Payload,only payload type on launch,noaa-a,DISCOS,DISCOS shape,TIROS-N,Gunter configuration,,
12627,Cosmos-1285,Payload,only payload type on launch,us-k,DISCOS,,us-k,Gunter page,,
12631,Cosmos-1286,Payload,only payload type on launch,us-p,DISCOS,DISCOS shape,US,Gunter configuration,,
12827,Blok-ML (Molniya-M Blok-ML),Rocket Body,,,DISCOS,DISCOS shape,Blok-ML,name,,
12828,Cosmos-1306,Payload,only payload type on launch,us-p,DISCOS,DISCOS shape,US,Gunter configuration,,
12933,Cosmos-1317,Payload,only payload type on launch,us-k,DISCOS,,us-k,Gunter page,,
13003,Cosmos 3 second stage (S3) (Cosmos 3M (11K65M)),Rocket Body,,,DISCOS,DISCOS shape,Cosmos 3 second stage,name,,
13027,Cosmos-1331,Payload,only payload type on launch,strela-2m,DISCOS,DISCOS shape,strela-2m,Gunter page,,
13080,Cosmos-1341,Payload,only payload type on launch,us-k,DISCOS,,us-k,Gunter page,,
13113,Meteor 2-8,Payload,only payload type on launch,meteor-2,DISCOS,DISCOS shape,SP-1,Gunter configuration,,
13124,Cosmos-1348,Payload,only payload type on launch,us-k,DISCOS,,us-k,Gunter page,,
13150,Cosmos-1355,Payload,only payload type on launch,us-p,DISCOS,DISCOS shape,US,Gunter configuration,,
13259,Cosmos-1375,Payload,only payload type on launch,ds-p1-m,DISCOS,DISCOS shape,ds-p1-m,Gunter page,,
13295,Cosmos-1382,Payload,only payload type on launch,us-k,DISCOS,,us-k,Gunter page,,
13387,Cosmos-1306 fragmentation debris,Payload Fragmentation Debris,,,,,Cosmos-1306 fragmentation debris,name,,no mass from any source
13508,Cosmos-1405,Payload,only payload type on launch,us-p,DISCOS,DISCOS shape,US,Gunter configuration,,
13552,Cosmos-1408,Payload,only payload type on launch,tselina-d,DISCOS,DISCOS shape,tselina-d,Gunter page,,
13554,Ekran 9,Payload,only payload type on launch,ekran,DISCOS,DISCOS shape,KAUR-3,Gunter configuration,,
13585,Cosmos-1409,Payload,only payload type on launch,us-k,DISCOS,,us-k,Gunter page,,
13696,Blok-ML (Molniya-M Blok-ML),Rocket Body,,,DISCOS,DISCOS shape,Blok-ML,name,,
13718,Meteor 2-9,Payload,only payload type on launch,meteor-2,DISCOS,DISCOS shape,SP-1,Gunter configuration,,
13736,DMSP Block 5D-2 F6,Payload,only payload type on launch,dmsp-5d2,DISCOS,DISCOS shape,TIROS-N,Gunter configuration,,
13758,Cosmos 3 second stage (S3) (Cosmos 3M (11K65M)),Rocket Body,,,DISCOS,DISCOS shape,Cosmos 3 second stage,name,,
13902,Proton-K/D-1 ullage motor (SOZ),Rocket Mission Related Object,,,DISCOS,DISCOS shape,Proton-K/D-1 ullage motor,name,,
13923,NOAA 8,Payload,only payload type on launch,noaa-d,DISCOS,DISCOS shape,TIROS-N,Gunter configuration,,
14034,Cosmos-1456,Payload,only payload type on launch,us-k,DISCOS,,us-k,Gunter page,,
14064,Cosmos-1461,Payload,only payload type on launch,us-p,DISCOS,DISCOS shape,US,Gunter configuration,,
14130,H8 (Ariane 1),Rocket Body,,,DISCOS,DISCOS shape,H8,name,,
14182,Cosmos-1481,Payload,only payload type on launch,us-k,DISCOS,,us-k,Gunter page,,
14190,STAR 48B cyl (Atlas E),Rocket Body,,,DISCOS,,STAR 48B cyl,name,,
14207,Cosmos-1484,Payload,only payload type on launch,resurs-oe,DISCOS,DISCOS shape,SP-1,Gunter configuration,,
14423,H8 (Ariane 1),Rocket Body,,,DISCOS,DISCOS shape,H8,name,,
14452,Meteor 2-10,Payload,only payload type on launch,meteor-2,DISCOS,DISCOS shape,SP-1,Gunter configuration,,
14506,DMSP Block 5D-2 F7,Payload,only payload type on launch,dmsp-5d2,DISCOS,DISCOS shape,TIROS-N,Gunter configuration,,
14607,Proton-K/DM-2 ullage motor (SOZ),Rocket Mission Related Object,,,DISCOS,DISCOS shape,Proton-K/DM-2 ullage motor,name,,
14608,Proton-K/DM-2 ullage motor (SOZ),Rocket Mission Related Object,,,DISCOS,DISCOS shape,Proton-K/DM-2 ullage motor,name,,
14689,IRT,Payload,name match 1.00,irt,DISCOS,,irt,Gunter page,,
14693,PAM-D (Palapa B2) (Challenger (OV-099)),Rocket Body,,,DISCOS,,PAM-D,name,,
14694,PAM-D (Westar VI) (Challenger (OV-099)),Rocket Body,,,DISCOS,,PAM-D,name,,
14787,H8 (Ariane 1),Rocket Body,,,DISCOS,DISCOS shape,H8,name,,
15099,Meteor 2-11,Payload,only payload type on launch,meteor-2,DISCOS,DISCOS shape,SP-1,Gunter configuration,,
15165,H10 (Ariane 3),Rocket Body,,,DISCOS,DISCOS shape,H10,name,,
15167,Cosmos-1588,Payload,only payload type on launch,us-p,DISCOS,DISCOS shape,US,Gunter configuration,,
15338,Proton-K/DM-2 ullage motor (SOZ),Rocket Mission Related Object,,,DISCOS,DISCOS shape,Proton-K/DM-2 ullage motor,name,,
15388,H10 (Ariane 3),Rocket Body,,,DISCOS,DISCOS shape,H10,name,,
15516,Meteor 2-12,Payload,only payload type on launch,meteor-2,DISCOS,DISCOS shape,SP-1,Gunter configuration,,
15653,Cosmos-1646,Payload,only payload type on launch,us-p,DISCOS,DISCOS shape,US,Gunter configuration,,
15714,Proton-K/DM-2 ullage motor (SOZ),Rocket Mission Related Object,,,DISCOS,DISCOS shape,Proton-K/DM-2 ullage motor,name,,
15734,Cosmos-1654,Payload,only payload type on launch,yantar-4k2,DISCOS,DISCOS shape,Yantar,Gunter configuration,,
15773,Proton-K/DM-2 ullage motor (SOZ),Rocket Mission Related Object,,,DISCOS,DISCOS shape,Proton-K/DM-2 ullage motor,name,,
15876,H8 (Ariane 1),Rocket Body,,,DISCOS,DISCOS shape,H8,name,,
16054,Cosmos-1682,Payload,only payload type on launch,us-p,DISCOS,DISCOS shape,US,Gunter configuration,,
16139,Cosmos-1691,Payload,only payload type on launch,strela-3,DISCOS,DISCOS shape,strela-3,Gunter page,,
16191,Meteor 3-1,Payload,only payload type on launch,meteor-3,DISCOS,DISCOS shape,SP-2,Gunter configuration,,
16263,Tsyklon-3-3 (Tsyklon SL-14 (F-2)),Rocket Body,,,DISCOS,DISCOS shape,Tsyklon-3-3,name,,
16439,Zenit-2 second stage,Rocket Body,,,DISCOS,DISCOS shape,Zenit-2 second stage,name,,
16446,Proton-K/DM-2 ullage motor (SOZ),Rocket Mission Related Object,,,DISCOS,DISCOS shape,Proton-K/DM-2 ullage motor,name,,
16528,H-8 (Long March (CZ) 3),Rocket Body,,,DISCOS,DISCOS shape,H-8,name,,
16615,H8 (Ariane 1),Rocket Body,,,DISCOS,DISCOS shape,H8,name,,
16657,H10 (Ariane 3),Rocket Body,,,DISCOS,DISCOS shape,H10,name,,
16895,Cosmos-1769,Payload,only payload type on launch,us-p,DISCOS,DISCOS shape,US,Gunter configuration,,
16938,Delta 180 Sensor Module,Payload,only payload type on launch,vse,DISCOS,DISCOS shape,Payload Assist System (PAS),Gunter configuration,,
16969,NOAA 10,Payload,only payload type on launch,noaa-d,DISCOS,DISCOS shape,TIROS-N,Gunter configuration,,
17066,Cosmos-1791,Payload,only payload type on launch,tsikada,DISCOS,DISCOS shape,KAUR-1,Gunter configuration,,
17240,Cosmos 3 second stage (S3) (Cosmos 3M (11K65M)),Rocket Body,,,DISCOS,DISCOS shape,Cosmos 3 second stage,name,,
17290,Meteor 2-15,Payload,only payload type on launch,meteor-2,DISCOS,DISCOS shape,SP-1,Gunter configuration,,
17297,Cosmos-1813,Payload,only payload type on launch,zenit-8,DISCOS,DISCOS shape,Zenit,Gunter configuration,,
17535,Cosmos-1823,Payload,only payload type on launch,geo-ik,DISCOS,DISCOS shape,KAUR-1,Gunter configuration,,
18123,DMSP Block 5D-2 F8,Payload,only payload type on launch,dmsp-5d2,DISCOS,DISCOS shape,TIROS-N,Gunter configuration,,
18129,Cosmos-1861,Payload,only payload type on launch,tsikada,DISCOS,DISCOS shape,KAUR-1,Gunter configuration,,
18184,Cosmos-1866,Payload,only payload type on launch,yantar-4k2,DISCOS,DISCOS shape,Yantar,Gunter configuration,,
18214,Cosmos-1869,Payload,only payload type on launch,okean-o1,DISCOS,,okean-o1,Gunter page,,
18313,Tsyklon-3-3 (Tsyklon SL-14 (F-2)),Rocket Body,,,DISCOS,DISCOS shape,Tsyklon-3-3,name,,
18352,H10 (Ariane 3),Rocket Body,,,DISCOS,DISCOS shape,H10,name,,
18363,Altair 3 (Scout G-1),Rocket Body,,,DISCOS,DISCOS shape,Altair,name,,
18374,Proton-K/DM-2 ullage motor (SOZ),Rocket Mission Related Object,,,DISCOS,DISCOS shape,Proton-K/DM-2 ullage motor,name,,
18375,Proton-K/DM-2 ullage motor (SOZ),Rocket Mission Related Object,,,DISCOS,DISCOS shape,Proton-K/DM-2 ullage motor,name,,
18713,Cosmos-1906,Payload,only payload type on launch,resurs-f2,DISCOS,DISCOS shape,Vostok / Zenit Capsule,Gunter configuration,,
18719,Proton-K/DM-2 ullage motor (SOZ),Rocket Mission Related Object,,,DISCOS,DISCOS shape,Proton-K/DM-2 ullage motor,name,,
18820,Meteor 2-17,Payload,only payload type on launch,meteor-2,DISCOS,DISCOS shape,SP-1,Gunter configuration,,
18822,DMSP Block 5D-2 F9,Payload,only payload type on launch,dmsp-5d2,DISCOS,DISCOS shape,TIROS-N,Gunter configuration,,
18823,Cosmos-1916,Payload,only payload type on launch,yantar-4k2,DISCOS,DISCOS shape,Yantar,Gunter configuration,,
18953,H10 (Ariane 3),Rocket Body,,,DISCOS,DISCOS shape,H10,name,,
18985,Cosmos-1934,Payload,only payload type on launch,parus,DISCOS,DISCOS shape,KAUR-1,Gunter configuration,,
19070,"OSCAR 23 (NNS 30230, SOOS 3A, NIMS 23)",Payload,only payload type on launch,transit-o,DISCOS,DISCOS shape,Transit,Gunter configuration,,
19122,H10 (Ariane 2),Rocket Body,,,DISCOS,DISCOS shape,H10,name,,
19332,H10 (Ariane 3),Rocket Body,,,DISCOS,DISCOS shape,H10,name,,
19485,H10 (Ariane 3),Rocket Body,,,DISCOS,DISCOS shape,H10,name,,
19490,Titan 34D third stage (Transtage D-3) (Titan 34D Transtage),Rocket Body,,,DISCOS,DISCOS shape,Titan 34D third stage,name,,
19531,NOAA 11,Payload,only payload type on launch,noaa-d,DISCOS,DISCOS shape,TIROS-N,Gunter configuration,,
19535,Proton-K/DM-2 ullage motor (SOZ),Rocket Mission Related Object,,,DISCOS,DISCOS shape,Proton-K/DM-2 ullage motor,name,,
19537,Proton-K/DM-2 ullage motor (SOZ),Rocket Mission Related Object,,,DISCOS,DISCOS shape,Proton-K/DM-2 ullage motor,name,,
19622,H10 (Ariane 2),Rocket Body,,,DISCOS,DISCOS shape,H10,name,,
19689,H10 (Ariane 44LP H10),Rocket Body,,,DISCOS,DISCOS shape,H10,name,,
19755,Proton-K/DM-2 ullage motor (SOZ),Rocket Mission Related Object,,,DISCOS,DISCOS shape,Proton-K/DM-2 ullage motor,name,,
19771,Proton-K/DM-2 ullage motor (SOZ),Rocket Mission Related Object,,,DISCOS,DISCOS shape,Proton-K/DM-2 ullage motor,name,,
19773,H10 (Ariane 2),Rocket Body,,,DISCOS,DISCOS shape,H10,name,,
19856,Proton-K/DM-2 ullage motor (SOZ),Rocket Mission Related Object,,,DISCOS,DISCOS shape,Proton-K/DM-2 ullage motor,name,,
19920,H10 (Ariane 2),Rocket Body,,,DISCOS,DISCOS shape,H10,name,,
20081,Proton-K/DM-2 ullage motor (SOZ),Rocket Mission Related Object,,,DISCOS,DISCOS shape,Proton-K/DM-2 ullage motor,name,,
20116,Proton-K/DM-2 ullage motor (SOZ),Rocket Mission Related Object,,,DISCOS,DISCOS shape,Proton-K/DM-2 ullage motor,name,,
20123,H10 (Ariane 3),Rocket Body,,,DISCOS,DISCOS shape,H10,name,,
20124,Cosmos-2030,Payload,only payload type on launch,yantar-4k2,DISCOS,DISCOS shape,Yantar,Gunter configuration,,
20136,Cosmos-2031,Payload,only payload type on launch,orlets-1,DISCOS,DISCOS shape,orlets-1,Gunter page,,
20170,H10 (Ariane 44LP H10),Rocket Body,,,DISCOS,DISCOS shape,H10,name,,
20262,Tsyklon-3-3 (Tsyklon SL-14 (F-2)),Rocket Body,,,DISCOS,DISCOS shape,Tsyklon-3-3,name,,
20323,DELTA K (Delta 5920),Rocket Body,,,DISCOS,DISCOS shape,DELTA K,name,,
20344,AKM (USA 40 AKM),Payload Mission Related Object,,,DISCOS,DISCOS shape,AKM,name,,
20390,Tsyklon-3-3 (Tsyklon SL-14 (F-2)),Rocket Body,,,DISCOS,DISCOS shape,Tsyklon-3-3,name,,
20399,Proton-K/DM-2 ullage motor (SOZ),Rocket Mission Related Object,,,DISCOS,DISCOS shape,Proton-K/DM-2 ullage motor,name,,
20509,Cosmos 3 second stage (S3) (Cosmos 3M (11K65M)),Rocket Body,,,DISCOS,DISCOS shape,Cosmos 3 second stage,name,,
20630,Proton-K/DM-2 ullage motor (SOZ),Rocket Mission Related Object,,,DISCOS,DISCOS shape,Proton-K/DM-2 ullage motor,name,,
20631,Proton-K/DM-2 ullage motor (SOZ),Rocket Mission Related Object,,,DISCOS,DISCOS shape,Proton-K/DM-2 ullage motor,name,,
20791,L-14 (YF40A) (Long March (CZ) 4),Rocket Body,,,DISCOS,DISCOS shape,L-14,name,,
20828,Cosmos-2101,Payload,only payload type on launch,orlets-1,DISCOS,DISCOS shape,orlets-1,Gunter page,,
20957,Proton-K/DM-2 ullage motor (SOZ),Rocket Mission Related Object,,,DISCOS,DISCOS shape,Proton-K/DM-2 ullage motor,name,,
20978,DMSP Block 5D-2 F10,Payload,only payload type on launch,dmsp-5d2,DISCOS,DISCOS shape,TIROS-N,Gunter configuration,,
21012,Proton-K/DM-2 ullage motor (SOZ),Rocket Mission Related Object,,,DISCOS,DISCOS shape,Proton-K/DM-2 ullage motor,name,,
21013,Proton-K/DM-2 ullage motor (SOZ),Rocket Mission Related Object,,,DISCOS,DISCOS shape,Proton-K/DM-2 ullage motor,name,,
21057,H10 (Ariane 44L H10),Rocket Body,,,DISCOS,DISCOS shape,H10,name,,
21087,Informator 1,Payload,only payload type on launch,informator-1,DISCOS,DISCOS shape,KAUR-1,Gunter configuration,,
21108,Cosmos 3 second stage (S3) (Cosmos 3M (11K65M)),Rocket Body,,,DISCOS,DISCOS shape,Cosmos 3 second stage,name,,
21114,Proton-K/DM-2 ullage motor (SOZ),Rocket Mission Related Object,,,DISCOS,DISCOS shape,Proton-K/DM-2 ullage motor,name,,
21141,H10 (Ariane 44LP H10),Rocket Body,,,DISCOS,DISCOS shape,H10,name,,
21220,Proton-K/DM-2 ullage motor (SOZ),Rocket Mission Related Object,,,DISCOS,DISCOS shape,Proton-K/DM-2 ullage motor,name,,
21226,Proton-K/DM-2 ullage motor (SOZ),Rocket Mission Related Object,,,DISCOS,DISCOS shape,Proton-K/DM-2 ullage motor,name,,
21263,NOAA 12,Payload,only payload type on launch,noaa-d,DISCOS,DISCOS shape,TIROS-N,Gunter configuration,,
21299,Cosmos-2143,Payload,only payload type on launch,strela-3,DISCOS,DISCOS shape,strela-3,Gunter page,,
21610,H10 (Ariane 40 H10),Rocket Body,,,DISCOS,DISCOS shape,H10,name,,
21640,IUS first stage (Atlantis (OV-104)),Rocket Body,,,DISCOS,DISCOS shape,IUS first stage,name,,
21656,Tsyklon-3-3 (Tsyklon SL-14 (F-2)),Rocket Body,,,DISCOS,DISCOS shape,Tsyklon-3-3,name,,
21734,Tsyklon-3-3 (Tsyklon SL-14 (F-2)),Rocket Body,,,DISCOS,DISCOS shape,Tsyklon-3-3,name,,
21741,Cosmos-2163,Payload,only payload type on launch,orlets-1,DISCOS,DISCOS shape,orlets-1,Gunter page,,
21744,Cosmos 3 second stage (S3) (Cosmos 3M (11K65M)),Rocket Body,,,DISCOS,DISCOS shape,Cosmos 3 second stage,name,,
21766,H10 (Ariane 44L H10),Rocket Body,,,DISCOS,DISCOS shape,H10,name,,
21798,DMSP Block 5D-2 F11,Payload,only payload type on launch,dmsp-5d2,DISCOS,DISCOS shape,TIROS-N,Gunter configuration,,
21941,H10+ (Ariane 44L H10+),Rocket Body,,,DISCOS,DISCOS shape,H10+,name,,
22032,H10 (Ariane 44L H10),Rocket Body,,,DISCOS,DISCOS shape,H10,name,,
22066,Proton-K/DM-2 ullage motor (SOZ),Rocket Mission Related Object,,,DISCOS,DISCOS shape,Proton-K/DM-2 ullage motor,name,,
22067,Proton-K/DM-2 ullage motor (SOZ),Rocket Mission Related Object,,,DISCOS,DISCOS shape,Proton-K/DM-2 ullage motor,name,,
22079,H10 (Ariane 42P H10),Rocket Body,,,DISCOS,DISCOS shape,H10,name,,
22118,H10+ (Ariane 44LP H10+),Rocket Body,,,DISCOS,DISCOS shape,H10+,name,,
22206,H10+ (Ariane 42P H10+),Rocket Body,,,DISCOS,DISCOS shape,H10+,name,,
22250,Proton-K/DM-2 ullage motor (SOZ),Rocket Mission Related Object,,,DISCOS,DISCOS shape,Proton-K/DM-2 ullage motor,name,,
22273,Proton-K/DM-2 ullage motor (SOZ),Rocket Mission Related Object,,,DISCOS,DISCOS shape,Proton-K/DM-2 ullage motor,name,,
22274,Proton-K/DM-2 ullage motor (SOZ),Rocket Mission Related Object,,,DISCOS,DISCOS shape,Proton-K/DM-2 ullage motor,name,,
22280,Cosmos-2225,Payload,only payload type on launch,orlets-1,DISCOS,DISCOS shape,orlets-1,Gunter page,,
22285,Zenit-2 second stage,Rocket Body,,,DISCOS,DISCOS shape,Zenit-2 second stage,name,,
22519,Boost motor (USA 89) (Discovery (OV-103)),Rocket Body,,,DISCOS,DISCOS shape,Boost motor,name,,
22566,Zenit-2 second stage,Rocket Body,,,DISCOS,DISCOS shape,Zenit-2 second stage,name,,
22585,Cosmos-2238,Payload,only payload type on launch,us-pm,DISCOS,DISCOS shape,US,Gunter configuration,,
22641,Cosmos-2243,Payload,only payload type on launch,yantar-1kft,DISCOS,DISCOS shape,Yantar,Gunter configuration,,
22675,Cosmos-2251,Payload,only payload type on launch,strela-2m,DISCOS,DISCOS shape,strela-2m,Gunter page,,
22716,Cosmos-2259,Payload,only payload type on launch,yantar-4k2,DISCOS,DISCOS shape,Yantar,Gunter configuration,,
22782,Meteor 2-21,Payload,name match 1.00,meteor-2,DISCOS,DISCOS shape,SP-1,Gunter configuration,,
22789,Cosmos-2262,Payload,only payload type on launch,orlets-1,DISCOS,DISCOS shape,orlets-1,Gunter page,,
22803,Zenit-2 second stage,Rocket Body,,,DISCOS,DISCOS shape,Zenit-2 second stage,name,,
22830,H10 (Ariane 40 H10),Rocket Body,,,DISCOS,DISCOS shape,H10,name,,
22925,Proton-K/DM-2 ullage motor (SOZ),Rocket Mission Related Object,,,DISCOS,DISCOS shape,Proton-K/DM-2 ullage motor,name,,
22974,Titan-2-2 (Titan II SLV),Rocket Body,,,DISCOS,DISCOS shape,Titan-2-2,name,,
23106,HAPS (Pegasus/HAPS),Rocket Body,,,DISCOS,DISCOS shape,HAPS,name,,
23174,Proton-K/DM-2 ullage motor (SOZ),Rocket Mission Related Object,,,DISCOS,DISCOS shape,Proton-K/DM-2 ullage motor,name,,
23338,Proton-K/DM-2 ullage motor (SOZ),Rocket Mission Related Object,,,DISCOS,DISCOS shape,Proton-K/DM-2 ullage motor,name,,
23342,Resurs-O1 N3,Payload,only payload type on launch,resurs-o1-3,DISCOS,DISCOS shape,SP-1,Gunter configuration,,
23402,Proton-K/DM-2 ullage motor (SOZ),Rocket Mission Related Object,,,DISCOS,DISCOS shape,Proton-K/DM-2 ullage motor,name,,
23440,Briz-KM (Rokot-KM),Rocket Body,,,DISCOS,DISCOS shape,Briz-KM,name,,
23455,NOAA 14,Payload,only payload type on launch,noaa-a,DISCOS,DISCOS shape,TIROS-N,Gunter configuration,,
23533,DMSP Block 5D-2 F13,Payload,only payload type on launch,dmsp-5d2,DISCOS,DISCOS shape,TIROS-N,Gunter configuration,,
23596,Cosmos-2313,Payload,only payload type on launch,us-pm,DISCOS,DISCOS shape,US,Gunter configuration,,
23606,Cerise,Payload,name match 1.00,cerise,DISCOS,DISCOS shape,Microsat-70,Gunter configuration,,
23631,Proton-K/DM-2 ullage motor (SOZ),Rocket Mission Related Object,,,DISCOS,DISCOS shape,Proton-K/DM-2 ullage motor,name,,
23797,Blok-DM-2 (Proton-K/DM-2),Rocket Body,,,DISCOS,DISCOS shape,Blok-DM-2,name,,
23845,Blok-DM-2M (Proton-K/DM-2M),Rocket Body,,,DISCOS,DISCOS shape,Blok-DM-2M,name,,
23887,Proton-K/DM-2 ullage motor (SOZ),Rocket Mission Related Object,,,DISCOS,DISCOS shape,Proton-K/DM-2 ullage motor,name,,
24298,Zenit-2 second stage,Rocket Body,,,DISCOS,DISCOS shape,Zenit-2 second stage,name,,
24753,DMSP Block 5D-2 F14,Payload,only payload type on launch,dmsp-5d2,DISCOS,DISCOS shape,TIROS-N,Gunter configuration,,
24805,Cosmos-2343,Payload,only payload type on launch,orlets-1,DISCOS,DISCOS shape,orlets-1,Gunter page,,
24881,CENTAUR (Atlas IIAS),Rocket Body,,,DISCOS,DISCOS shape,CENTAUR,name,,
25054,Proton-K/DM-2M ullage motor (SOZ),Rocket Mission Related Object,,,DISCOS,DISCOS shape,Proton-K/DM-2M ullage motor,name,,
25088,Cosmos-2347,Payload,only payload type on launch,us-pm,DISCOS,DISCOS shape,US,Gunter configuration,,
25106,Iridium 47,Payload,only payload type on launch,iridium,DISCOS,DISCOS shape,LM-700A,Gunter configuration,,
25117,Orbcomm FM05,Payload,only payload type on launch,orbcomm,DISCOS,DISCOS shape,MicroStar,Gunter configuration,,
25129,Blok-DM-2M (Proton-K/DM-2M),Rocket Body,,,DISCOS,DISCOS shape,Blok-DM-2M,name,,
25176,H-II LE-5A,Rocket Body,,,DISCOS,DISCOS shape,H-II LE-5A,name,,
25417,Orbcomm FM16,Payload,only payload type on launch,orbcomm,DISCOS,DISCOS shape,MicroStar,Gunter configuration,,
25626,"Galaxy 26 (Intelsat Americas 6, IA 6, Telstar 6)",Payload,only payload type on launch,telstar-5,DISCOS,DISCOS shape,SSL-1300,Gunter configuration,,
25637,Delta II second stage (Delta 7920),Rocket Body,,,DISCOS,DISCOS shape,Delta II second stage,name,,
25728,Delta III second stage (Delta 8930),Rocket Body,,,DISCOS,DISCOS shape,Delta III second stage,name,,
25730,Fengyun 1C,Payload,name match 0.82,fy-1,DISCOS,DISCOS shape,fy-1,Gunter page,,
25880,Telkom 1,Payload,only payload type on launch,telkom-1,DISCOS,DISCOS shape,A2100A,Gunter configuration,,
25940,Zi Yuan 1,Payload,"ambiguous (2 payload types, best name score 0.33)",,DISCOS,DISCOS shape,Zi Yuan,name,,
25942,L-14B (YF40B) (Long March (CZ) 4B),Rocket Body,,,DISCOS,DISCOS shape,L-14B,name,,
25984,Orbcomm FM36,Payload,only payload type on launch,orbcomm,DISCOS,DISCOS shape,MicroStar,Gunter configuration,,
26040,Cosmos-2367,Payload,only payload type on launch,us-pm,DISCOS,DISCOS shape,US,Gunter configuration,,
26106,Fregat Dumsat,Payload,only payload type on launch,dumsat,DISCOS,DISCOS shape,dumsat,Gunter page,,
26398,Proton-K/DM-2 ullage motor (SOZ),Rocket Mission Related Object,,,DISCOS,DISCOS shape,Proton-K/DM-2 ullage motor,name,,
26536,NOAA 16,Payload,only payload type on launch,noaa-k,DISCOS,DISCOS shape,TIROS-N,Gunter configuration,,
26960,PSLV fourth stage (PS4),Rocket Body,,,DISCOS,DISCOS shape,PSLV fourth stage,name,,
26997,Jason,Payload,name match 0.91,jason-1,DISCOS,DISCOS shape,Proteus,Gunter configuration,,
27001,Meteor-3M No. 1,Payload,name match 0.90,meteor-3m,DISCOS,DISCOS shape,SP-2,Gunter configuration,,
27053,Cosmos-2383,Payload,only payload type on launch,us-pm,DISCOS,DISCOS shape,US,Gunter configuration,,
27453,NOAA 17,Payload,only payload type on launch,noaa-k,DISCOS,DISCOS shape,TIROS-N,Gunter configuration,,
27457,Contour,Payload,only payload type on launch,contour,DISCOS,DISCOS shape,contour,Gunter page,,
27474,Proton-K/DM-2 ullage motor (SOZ),Rocket Mission Related Object,,,DISCOS,DISCOS shape,Proton-K/DM-2 ullage motor,name,,
27475,Proton-K/DM-2 ullage motor (SOZ),Rocket Mission Related Object,,,DISCOS,DISCOS shape,Proton-K/DM-2 ullage motor,name,,
27509,Meteosat 8 (MSG 1),Payload,"ambiguous (2 payload types, best name score 0.47)",,DISCOS,DISCOS shape,Meteosat,name,,
27518,H-II LE-5B (H-IIA 2024),Rocket Body,,,DISCOS,DISCOS shape,H-II LE-5B,name,,
27555,"Delta IV DCSS 4 (Delta 4M+(4,2))",Rocket Body,,,DISCOS,DISCOS shape,Delta IV DCSS,name,,
27692,Delta IV DCSS 4 (Delta 4M),Rocket Body,,,DISCOS,DISCOS shape,Delta IV DCSS,name,,
27820,AMC 9 (GE 12),Payload,only payload type on launch,amc-9,DISCOS,DISCOS shape,Spacebus-3000B3,Gunter configuration,,
27856,Cosmos-2399,Payload,only payload type on launch,orlets-1,DISCOS,DISCOS shape,orlets-1,Gunter page,,
28054,DMSP 5D-3 F-16 (USA 172),Payload,only payload type on launch,dmsp-5d3,DISCOS,DISCOS shape,TIROS-N,Gunter configuration,,
28234,Ekspress-AM 11,Payload,only payload type on launch,ekspress-am-11,DISCOS,DISCOS shape,MSS-2500-GSO (MSS-767),Gunter configuration,,
28353,Zenit-2 second stage,Rocket Body,,,DISCOS,DISCOS shape,Zenit-2 second stage,name,,
28920,Proton-K/DM-2 ullage motor (SOZ),Rocket Mission Related Object,,,DISCOS,DISCOS shape,Proton-K/DM-2 ullage motor,name,,
28932,H-II LE-5B (H-IIA 2022),Rocket Body,,,DISCOS,DISCOS shape,H-II LE-5B,name,,
28944,Briz-M (Proton-M/Briz-M),Rocket Body,,,DISCOS,DISCOS shape,Briz-M,name,,
29092,Yaogan Weixing 1,Payload,only payload type on launch,yaogan-1,DISCOS,DISCOS shape,yaogan-1,Gunter page,,
29155,GOES N,Payload,only payload type on launch,goes-n,DISCOS,DISCOS shape,BSS-601,Gunter configuration,,
29247,Cosmos-2421,Payload,,,DISCOS,DISCOS shape,Cosmos,name,,
29394,H-II LE-5B (H-IIA 202),Rocket Body,,,DISCOS,DISCOS shape,H-II LE-5B,name,,
29402,Cosmos-2423,Payload,only payload type on launch,orlets-1,DISCOS,DISCOS shape,orlets-1,Gunter page,,
29523,Delta IV DCSS 4 (Delta 4M),Rocket Body,,,DISCOS,DISCOS shape,Delta IV DCSS,name,,
29651,USA 193,Payload,only payload type on launch,usa-193,DISCOS,DISCOS shape,usa-193,Gunter page,,
29680,Proton-K/DM-2 ullage motor (SOZ),Rocket Mission Related Object,,,DISCOS,DISCOS shape,Proton-K/DM-2 ullage motor,name,,
29682,Proton-K/DM-2 ullage motor (SOZ),Rocket Mission Related Object,,,DISCOS,DISCOS shape,Proton-K/DM-2 ullage motor,name,,
29957,Fengyun 1C debris,Payload Fragmentation Debris,,,,DISCOS shape,Fengyun 1C debris,name,,no mass from any source
30324,H-18 (Long March (CZ) YF) (Long March (CZ) 3A),Rocket Body,,,DISCOS,DISCOS shape,H-18,name,,
31792,Cosmos-2428,Payload,only payload type on launch,tselina-2,DISCOS,DISCOS shape,tselina-2,Gunter page,,
32280,Proton-K/DM-2 ullage motor (SOZ),Rocket Mission Related Object,,,DISCOS,DISCOS shape,Proton-K/DM-2 ullage motor,name,,
32288,Delta IV DCSS 5 (Delta 4H),Rocket Body,,,DISCOS,DISCOS shape,Delta IV DCSS,name,,
32398,Proton-M/DM-2 ullage motor (SOZ),Rocket Mission Related Object,,,DISCOS,DISCOS shape,Proton-M/DM-2 ullage motor,name,,
32399,Proton-M/DM-2 ullage motor (SOZ),Rocket Mission Related Object,,,DISCOS,DISCOS shape,Proton-M/DM-2 ullage motor,name,,
32709,Briz-M (Proton-M/Briz-M),Rocket Body,,,DISCOS,DISCOS shape,Briz-M,name,,
33322,L-55 (YF24) (Long March (CZ) 2C),Rocket Body,,,DISCOS,DISCOS shape,L-55,name,,
33385,Proton-M/DM-2 ullage motor (SOZ),Rocket Mission Related Object,,,DISCOS,DISCOS shape,Proton-M/DM-2 ullage motor,name,,
33472,Proton-M/DM-2 ullage motor (SOZ),Rocket Mission Related Object,,,DISCOS,DISCOS shape,Proton-M/DM-2 ullage motor,name,,
33473,Proton-M/DM-2 ullage motor (SOZ),Rocket Mission Related Object,,,DISCOS,DISCOS shape,Proton-M/DM-2 ullage motor,name,,
33500,H-II LE-5B (H-IIA 202),Rocket Body,,,DISCOS,DISCOS shape,H-II LE-5B,name,,
34779,Beidou DW 2,Payload,only payload type on launch,bd-2g,DISCOS,DISCOS shape,DFH-3,Gunter configuration,,
35816,Centaur-5 SEC (Atlas V 401),Rocket Body,,,DISCOS,DISCOS shape,Centaur-5 SEC,name,,
35946,WorldView-2,Payload,only payload type on launch,worldview-2,DISCOS,DISCOS shape,BCP-5000,Gunter configuration,,
35951,DMSP F-18 (USA 210),Payload,only payload type on launch,dmsp-5d3,DISCOS,DISCOS shape,TIROS-N,Gunter configuration,,
36105,H-II LE-5B (H-IIA 202),Rocket Body,,,DISCOS,DISCOS shape,H-II LE-5B,name,,
36116,Proton-M/DM-2 ullage motor (SOZ),Rocket Mission Related Object,,,DISCOS,DISCOS shape,Proton-M/DM-2 ullage motor,name,,
36406,Proton-M/DM-2 ullage motor (SOZ),Rocket Mission Related Object,,,DISCOS,DISCOS shape,Proton-M/DM-2 ullage motor,name,,
36407,Proton-M/DM-2 ullage motor (SOZ),Rocket Mission Related Object,,,DISCOS,DISCOS shape,Proton-M/DM-2 ullage motor,name,,
37143,Proton-M/DM-2 ullage motor (SOZ),Rocket Mission Related Object,,,DISCOS,DISCOS shape,Proton-M/DM-2 ullage motor,name,,
37144,Proton-M/DM-2 ullage motor (SOZ),Rocket Mission Related Object,,,DISCOS,DISCOS shape,Proton-M/DM-2 ullage motor,name,,
37151,H-18 (Long March (CZ) YF) (Long March (CZ) 3B/E),Rocket Body,,,DISCOS,DISCOS shape,H-18,name,,
37211,H-18 (Long March (CZ) YF) (Long March (CZ) 3C),Rocket Body,,,DISCOS,DISCOS shape,H-18,name,,
37756,Fregat operational debris (SBB),Rocket Mission Related Object,,,DISCOS,,Fregat operational debris,name,,
37806,Cosmos-2473,Payload,only payload type on launch,garpun,DISCOS,DISCOS shape,garpun,Gunter page,,
38015,H-18 (Long March (CZ) YF) (Long March (CZ) 3B/E),Rocket Body,,,DISCOS,DISCOS shape,H-18,name,,
38092,H-18 (Long March (CZ) YF) (Long March (CZ) 3C),Rocket Body,,,DISCOS,DISCOS shape,H-18,name,,
38341,H-II LE-5B (H-IIA 202),Rocket Body,,,DISCOS,DISCOS shape,H-II LE-5B,name,,
38343,Briz-M (Proton-M/Briz-M),Rocket Body,,,DISCOS,DISCOS shape,Briz-M,name,,
38345,H-IIA 202 Adapter (4/4D-LC),Rocket Mission Related Object,,,DISCOS,,H-IIA 202 Adapter,name,,
38746,Briz-M (Proton-M/Briz-M),Rocket Body,,,DISCOS,DISCOS shape,Briz-M,name,,
39063,H-II LE-5B (H-IIA 202),Rocket Body,,,DISCOS,DISCOS shape,H-II LE-5B,name,,
39162,VESPA Upper Part,Rocket Mission Related Object,,,DISCOS,DISCOS shape,VESPA Upper Part,name,,
39186,Resurs-P No. 1,Payload,only payload type on launch,resurs-p,DISCOS,DISCOS shape,Yantar,Gunter configuration,,
39271,Falcon 9 Merlin-V (1D) (Falcon 9 v1.1),Rocket Body,,,DISCOS,DISCOS shape,Falcon 9 Merlin-V,name,,
39411,L-14B-res (YF40B-res) (Long March (CZ) 4C),Rocket Body,,,DISCOS,DISCOS shape,L-14B-res,name,,
39497,Cosmos 2491 (RS 46),Payload,name match 0.65,nivelir,DISCOS,DISCOS shape,nivelir,Gunter page,,
39580,H-II LE-5B (H-IIA 202),Rocket Body,,,DISCOS,DISCOS shape,H-II LE-5B,name,,
39634,Sentinel-1A,Payload,only payload type on launch,sentinel-1,DISCOS,DISCOS shape,Prima,Gunter configuration,,
39742,"Delta IV DCSS 4 (Delta 4M+(4,2))",Rocket Body,,,DISCOS,DISCOS shape,Delta IV DCSS,name,,
39765,Cosmos-2499,Payload,name match 0.51,nivelir,DISCOS,DISCOS shape,nivelir,Gunter page,,
39771,H-II LE-5B (H-IIA 202),Rocket Body,,,DISCOS,DISCOS shape,H-II LE-5B,name,,
40209,Centaur-5 SEC (Atlas V 401),Rocket Body,,,DISCOS,DISCOS shape,Centaur-5 SEC,name,,
40330,Delta IV DCSS 5 (Delta 4H),Rocket Body,,,DISCOS,DISCOS shape,Delta IV DCSS,name,,
40535,"Delta IV DCSS 4 (Delta 4M+(4,2))",Rocket Body,,,DISCOS,DISCOS shape,Delta IV DCSS,name,,
40556,Briz-KM (Rokot-KM),Rocket Body,,,DISCOS,DISCOS shape,Briz-KM,name,,
40619,Progress M-27M,Payload,only payload type on launch,progress-m-m,DISCOS,DISCOS shape,progress-m-m,Gunter page,,
41122,Briz-M (Proton-M/Briz-M),Rocket Body,,,DISCOS,DISCOS shape,Briz-M,name,,
41308,Intelsat IS-29e,Payload,only payload type on launch,intelsat-29e,DISCOS,DISCOS shape,BSS-702MP,Gunter configuration,,
41337,Hitomi,Payload,name match 0.55,astro-h,DISCOS,DISCOS shape,astro-h,Gunter page,,
41748,Intelsat 33e (IS-33e),Payload,name match 0.81,intelsat-33e,DISCOS,DISCOS shape,BSS-702MP,Gunter configuration,,
43089,Fregat operational debris (SBB),Rocket Mission Related Object,,,DISCOS,,Fregat operational debris,name,,
43227,Centaur-5 SEC (Atlas V 541),Rocket Body,,,DISCOS,DISCOS shape,Centaur-5 SEC,name,,
43652,Centaur-5 SEC (Atlas V 551),Rocket Body,,,DISCOS,DISCOS shape,Centaur-5 SEC,name,,
43673,H-IIA 202 lower payload fairing half (4/4D-LC),Rocket Mission Related Object,,,DISCOS,DISCOS shape,H-IIA 202 lower payload fairing half,name,,
43674,H-IIA 202 lower payload fairing half (4/4D-LC),Rocket Mission Related Object,,,DISCOS,DISCOS shape,H-IIA 202 lower payload fairing half,name,,
43682,H-II LE-5B (H-IIA 202),Rocket Body,,,DISCOS,DISCOS shape,H-II LE-5B,name,,
43947,Microsat-R,Payload,name match 1.00,microsat-r,DISCOS,DISCOS shape,microsat-r,Gunter page,,
44317,Long March (CZ) 11 fourth stage,Rocket Body,,,DISCOS,DISCOS shape,Long March,name,,
44387,Meteor-M 2-2,Payload,name match 1.00,meteor-m-2-1,DISCOS,DISCOS shape,meteor-m-2-1,Gunter page,,
44421,Cosmos-2535,Payload,name match 0.72,kyua-1,DISCOS,DISCOS shape,kyua-1,Gunter page,,
44422,Cosmos-2536,Payload,name match 0.72,kyua-1,DISCOS,DISCOS shape,kyua-1,Gunter page,,
44547,Yunhai 1-02,Payload,only payload type on launch,yunhai-1,DISCOS,DISCOS shape,CAST2000,Gunter configuration,,
45877,ORION 38 (Pegasus XL) (Minotaur-4),Rocket Body,,,DISCOS,DISCOS shape,ORION,name,,
54236,L-15 (YF-115) (Long March (CZ) 6A),Rocket Body,,,DISCOS,,L-15,name,,
55565,SS-3 (SSLV),Rocket Body,,,DISCOS,DISCOS shape,SS-3,name,,
57839,Centaur-5 SEC (Atlas V 551),Rocket Body,,,DISCOS,DISCOS shape,Centaur-5 SEC,name,,
59344,L-15 (YF-115) (Long March (CZ) 6A),Rocket Body,,,DISCOS,,L-15,name,,
60214,L-15 (YF-115) (Long March (CZ) 6A),Rocket Body,,,DISCOS,,L-15,name,,
60397,L-15 (YF-115) (Long March (CZ) 6A),Rocket Body,,,DISCOS,,L-15,name,,
62187,Long March (CZ) 12 second stage,Rocket Body,,,DISCOS,DISCOS shape,Long March,name,,
64157,Starlink 34343,Payload,only payload type on launch,starlink-v2-mini,DISCOS,DISCOS shape,Starlink v2 Mini,Gunter configuration,,
66629,Starlink 35956,Payload,only payload type on launch,starlink-v2-mini,DISCOS,DISCOS shape,Starlink v2 Mini,Gunter configuration,,
