event_id,event_type,epoch,parent_norad_id,n_cataloged,explosion_cause,impactor_mass_kg,impactor_v_rel_km_s,impactor_material
discos-50,explosion,1961-06-29T00:00:00Z,118,324,propulsion,,,
discos-51,explosion,1962-10-29T00:00:00Z,443,23,propulsion,,,
discos-52,explosion,1963-11-27T00:00:00Z,694,17,propulsion,,,
discos-54,explosion,1964-11-05T00:00:00Z,919,93,deliberate,,,
discos-55,explosion,1965-02-22T00:00:00Z,1093,166,deliberate,,,
discos-56,explosion,1965-03-15T00:00:00Z,1270,146,unknown,,,
discos-864,explosion,1965-10-15T00:00:00Z,1822,492,propulsion,,,
discos-291,explosion,1965-12-21T00:00:00Z,1863,113,propulsion,,,
discos-58,explosion,1966-01-15T00:00:00Z,1706,21,unknown,,,
discos-59,explosion,1966-02-15T00:00:00Z,2015,37,unknown,,,
discos-60,explosion,1966-06-15T00:00:00Z,2188,50,unknown,,,
discos-63,explosion,1966-07-05T00:00:00Z,2289,33,deliberate,,,
discos-64,explosion,1966-09-18T00:00:00Z,2437,49,deliberate,,,
discos-65,explosion,1966-11-02T00:00:00Z,2543,37,deliberate,,,
discos-513,explosion,1967-02-12T00:00:00Z,1729,0,propulsion,,,
discos-798,explosion,1967-05-26T00:00:00Z,2801,2,unknown,,,
discos-831,explosion,1967-11-05T00:00:00Z,3021,12,unknown,,,
discos-836,explosion,1968-01-21T00:00:00Z,3100,6,unknown,,,
discos-66,explosion,1968-01-24T00:00:00Z,3099,1,deliberate,,,
discos-819,explosion,1968-03-25T00:00:00Z,3129,1,unknown,,,
discos-67,explosion,1968-04-13T00:00:00Z,3171,15,propulsion,,,
discos-71,explosion,1968-10-20T00:00:00Z,3504,120,deliberate,,,
discos-72,explosion,1968-11-01T00:00:00Z,3530,162,deliberate,,,
discos-70,explosion,1968-11-01T00:00:00Z,3503,4,deliberate,,,
discos-859,explosion,1969-01-17T00:00:00Z,3526,5,unknown,,,
discos-840,explosion,1969-03-07T00:00:00Z,3776,21,unknown,,,
discos-73,explosion,1969-03-28T00:00:00Z,3836,38,unknown,,,
discos-74,explosion,1969-07-26T00:00:00Z,4052,23,propulsion,,,
discos-857,explosion,1969-09-06T00:00:00Z,4070,2,unknown,,,
discos-75,explosion,1969-10-04T00:00:00Z,4159,275,unknown,,,
discos-822,explosion,1969-12-20T00:00:00Z,4273,4,unknown,,,
discos-846,explosion,1970-09-01T00:00:00Z,4497,1,unknown,,,
discos-76,explosion,1970-10-17T00:00:00Z,4367,464,unknown,,,
discos-77,explosion,1970-10-23T00:00:00Z,4594,114,deliberate,,,
discos-78,explosion,1970-10-30T00:00:00Z,4598,46,deliberate,,,
discos-812,explosion,1970-12-17T00:00:00Z,4806,3,unknown,,,
discos-847,explosion,1971-01-03T00:00:00Z,4783,4,unknown,,,
discos-874,explosion,1971-02-01T00:00:00Z,2643,0,propulsion,,,
discos-832,explosion,1971-02-11T00:00:00Z,4922,1,unknown,,,
discos-79,explosion,1971-02-25T00:00:00Z,4964,138,deliberate,,,
discos-808,explosion,1971-03-02T00:00:00Z,4955,3,unknown,,,
discos-816,explosion,1971-03-19T00:00:00Z,5050,1,unknown,,,
discos-845,explosion,1971-05-29T00:00:00Z,5253,4,unknown,,,
discos-844,explosion,1971-06-14T00:00:00Z,5174,4,unknown,,,
discos-807,explosion,1971-08-24T00:00:00Z,5281,4,unknown,,,
discos-805,explosion,1971-09-07T00:00:00Z,5461,13,unknown,,,
discos-837,explosion,1971-11-30T00:00:00Z,5625,1,unknown,,,
discos-854,explosion,1971-12-01T00:00:00Z,5628,1,unknown,,,
discos-80,explosion,1971-12-03T00:00:00Z,5646,26,deliberate,,,
discos-848,explosion,1971-12-04T00:00:00Z,5643,2,unknown,,,
discos-843,explosion,1972-03-23T00:00:00Z,5894,3,unknown,,,
discos-820,explosion,1972-04-15T00:00:00Z,5729,2,unknown,,,
discos-841,explosion,1972-07-12T00:00:00Z,6097,3,unknown,,,
discos-830,explosion,1972-08-30T00:00:00Z,6148,2,unknown,,,
discos-804,explosion,1972-10-04T00:00:00Z,6206,1,unknown,,,
discos-809,explosion,1972-11-25T00:00:00Z,3818,1,unknown,,,
discos-824,explosion,1973-01-29T00:00:00Z,6343,2,unknown,,,
discos-842,explosion,1973-03-11T00:00:00Z,6373,1,unknown,,,
discos-82,explosion,1973-04-03T00:00:00Z,6399,24,propulsion,,,
discos-83,explosion,1973-05-06T00:00:00Z,6432,192,deliberate,,,
discos-525,explosion,1973-11-15T00:00:00Z,3616,17,propulsion,,,
discos-850,explosion,1973-12-05T00:00:00Z,6950,1,unknown,,,
discos-84,explosion,1973-12-28T00:00:00Z,6921,242,propulsion,,,
discos-835,explosion,1974-02-11T00:00:00Z,7109,3,unknown,,,
discos-802,explosion,1974-05-18T00:00:00Z,7299,1,unknown,,,
discos-852,explosion,1974-05-21T00:00:00Z,7306,7,unknown,,,
discos-814,explosion,1974-11-25T00:00:00Z,7433,2,unknown,,,
discos-825,explosion,1974-12-21T00:00:00Z,7576,6,unknown,,,
discos-86,explosion,1975-04-17T00:00:00Z,7587,,unknown,,,
discos-81,explosion,1975-05-22T00:00:00Z,6127,262,propulsion,,,
discos-881,explosion,1975-06-15T00:00:00Z,869,,unknown,,,
discos-61,explosion,1975-07-12T00:00:00Z,2253,,unknown,,,
discos-813,explosion,1975-07-31T00:00:00Z,7753,2,unknown,,,
discos-87,explosion,1975-08-02T00:00:00Z,7587,,unknown,,,
discos-853,explosion,1975-08-20T00:00:00Z,8009,1,unknown,,,
discos-85,explosion,1975-08-20T00:00:00Z,7532,191,propulsion,,,
discos-91,explosion,1975-09-06T00:00:00Z,8191,75,deliberate,,,
discos-828,explosion,1975-11-22T00:00:00Z,8444,8,unknown,,,
discos-800,explosion,1975-12-13T00:00:00Z,8471,4,unknown,,,
discos-860,explosion,1976-01-06T00:00:00Z,8530,8,unknown,,,
discos-62,explosion,1976-01-20T00:00:00Z,2253,,unknown,,,
discos-92,explosion,1976-01-25T00:00:00Z,8416,86,unknown,,,
discos-88,explosion,1976-02-09T00:00:00Z,7616,,propulsion,,,
discos-801,explosion,1976-03-24T00:00:00Z,5466,1,unknown,,,
discos-413,explosion,1976-05-03T00:00:00Z,5731,14,unknown,,,
discos-89,explosion,1976-06-19T00:00:00Z,7616,,propulsion,,,
discos-95,explosion,1976-07-25T00:00:00Z,9046,247,deliberate,,,
discos-829,explosion,1976-08-06T00:00:00Z,9053,6,unknown,,,
discos-791,explosion,1976-09-10T00:00:00Z,2253,,unknown,,,
discos-821,explosion,1976-12-02T00:00:00Z,9573,6,unknown,,,
discos-100,explosion,1976-12-27T00:00:00Z,9634,84,deliberate,,,
discos-99,explosion,1976-12-29T00:00:00Z,9614,1,deliberate,,,
discos-858,explosion,1977-02-16T00:00:00Z,9833,2,unknown,,,
discos-826,explosion,1977-02-16T00:00:00Z,8794,2,unknown,,,
discos-97,explosion,1977-03-15T00:00:00Z,9495,12,deliberate,,,
discos-810,explosion,1977-03-28T00:00:00Z,9883,1,unknown,,,
discos-93,explosion,1977-05-17T00:00:00Z,8932,41,unknown,,,
discos-818,explosion,1977-05-21T00:00:00Z,10010,1,unknown,,,
discos-103,explosion,1977-07-14T00:00:00Z,10144,204,propulsion,,,
discos-851,explosion,1977-08-08T00:00:00Z,10129,2,unknown,,,
discos-94,explosion,1977-09-29T00:00:00Z,9011,75,battery,,,
discos-104,explosion,1977-10-24T00:00:00Z,10150,6,deliberate,,,
discos-106,explosion,1977-12-21T00:00:00Z,10531,121,deliberate,,,
discos-96,explosion,1977-12-24T00:00:00Z,9063,192,propulsion,,,
discos-833,explosion,1978-01-29T00:00:00Z,10599,3,unknown,,,
discos-410,explosion,1978-03-11T00:00:00Z,7735,3,propulsion,,,
discos-803,explosion,1978-05-18T00:00:00Z,10898,4,unknown,,,
discos-101,explosion,1978-06-08T00:00:00Z,9911,5,deliberate,,,
discos-789,explosion,1978-06-15T00:00:00Z,2253,,unknown,,,
discos-105,explosion,1978-06-23T00:00:00Z,10365,7,battery,,,
discos-108,explosion,1978-10-10T00:00:00Z,11015,,deliberate,,,
discos-98,explosion,1978-11-27T00:00:00Z,9601,48,battery,,,
discos-806,explosion,1978-12-15T00:00:00Z,11150,1,unknown,,,
discos-355,collision,1979-02-06T00:00:00Z,11261,3,,,,
discos-102,explosion,1979-03-30T00:00:00Z,10059,16,deliberate,,,
discos-114,explosion,1979-09-09T00:00:00Z,11509,6,deliberate,,,
discos-112,explosion,1979-09-17T00:00:00Z,11333,1,unknown,,,
discos-486,explosion,1979-12-11T00:00:00Z,11635,27,propulsion,,,
discos-53,explosion,1979-12-15T00:00:00Z,746,27,unknown,,,
discos-113,explosion,1980-02-15T00:00:00Z,11417,19,deliberate,,,
discos-368,explosion,1980-02-22T00:00:00Z,11715,5,propulsion,,,
discos-115,explosion,1980-03-31T00:00:00Z,11659,34,propulsion,,,
discos-823,explosion,1980-04-07T00:00:00Z,11750,1,unknown,,,
discos-118,explosion,1980-04-18T00:00:00Z,11765,49,deliberate,,,
discos-838,explosion,1980-10-16T00:00:00Z,12016,2,unknown,,,
discos-839,explosion,1981-01-21T00:00:00Z,12149,1,unknown,,,
discos-107,explosion,1981-01-27T00:00:00Z,10704,262,propulsion,,,
discos-126,explosion,1981-03-31T00:00:00Z,12376,10,deliberate,,,
discos-745,explosion,1981-04-23T00:00:00Z,11561,0,battery,,,
discos-119,explosion,1981-05-14T00:00:00Z,11871,10,deliberate,,,
discos-116,explosion,1981-07-15T00:00:00Z,11729,11,unknown,,,
discos-127,explosion,1981-07-24T00:00:00Z,12504,486,battery,,,
discos-131,explosion,1981-09-11T00:00:00Z,12827,9,propulsion,,,
discos-123,explosion,1981-10-20T00:00:00Z,12303,8,deliberate,,,
discos-129,explosion,1981-11-21T00:00:00Z,12627,24,deliberate,,,
discos-109,explosion,1981-12-26T00:00:00Z,11081,2,propulsion,,,
discos-124,explosion,1982-05-08T00:00:00Z,12364,,unknown,,,
discos-121,explosion,1982-06-20T00:00:00Z,12054,,unknown,,,
discos-132,explosion,1982-07-12T00:00:00Z,12828,7,unknown,,,
discos-125,explosion,1982-08-10T00:00:00Z,12364,,unknown,,,
discos-122,explosion,1982-08-25T00:00:00Z,12054,,unknown,,,
discos-133,explosion,1982-09-18T00:00:00Z,13387,0,unknown,,,
discos-130,explosion,1982-09-29T00:00:00Z,12631,1,unknown,,,
discos-140,explosion,1982-12-08T00:00:00Z,13696,29,propulsion,,,
discos-120,explosion,1983-02-12T00:00:00Z,12032,9,deliberate,,,
discos-376,explosion,1983-06-23T00:00:00Z,14130,2,propulsion,,,
discos-146,explosion,1983-07-09T00:00:00Z,14182,8,deliberate,,,
discos-135,explosion,1983-08-08T00:00:00Z,13150,,unknown,,,
discos-143,explosion,1983-08-13T00:00:00Z,14034,3,deliberate,,,
discos-856,explosion,1983-08-24T00:00:00Z,13758,1,unknown,,,
discos-426,explosion,1983-12-04T00:00:00Z,14506,3,battery,,,
discos-139,explosion,1983-12-20T00:00:00Z,13508,31,unknown,,,
discos-746,explosion,1983-12-23T00:00:00Z,13554,0,battery,,,
discos-134,explosion,1984-01-28T00:00:00Z,12933,10,deliberate,,,
discos-136,explosion,1984-02-01T00:00:00Z,13150,,unknown,,,
discos-150,explosion,1984-02-03T00:00:00Z,14694,0,propulsion,,,
discos-562,explosion,1984-02-05T00:00:00Z,14689,2,unknown,,,
discos-149,explosion,1984-02-06T00:00:00Z,14693,0,propulsion,,,
discos-137,explosion,1984-02-20T00:00:00Z,13150,,unknown,,,
discos-467,explosion,1984-02-27T00:00:00Z,14423,2,propulsion,,,
discos-353,explosion,1984-07-04T00:00:00Z,14787,9,propulsion,,,
discos-449,explosion,1984-09-02T00:00:00Z,13124,10,deliberate,,,
discos-141,explosion,1984-09-03T00:00:00Z,13902,1,propulsion,,,
discos-790,explosion,1984-09-10T00:00:00Z,2253,,unknown,,,
discos-446,explosion,1984-09-18T00:00:00Z,15165,4,propulsion,,,
discos-267,explosion,1984-11-20T00:00:00Z,15388,1,propulsion,,,
discos-144,explosion,1985-03-11T00:00:00Z,14064,,unknown,,,
discos-145,explosion,1985-05-13T00:00:00Z,14064,,unknown,,,
discos-155,explosion,1985-06-21T00:00:00Z,15734,17,deliberate,,,
discos-111,collision,1985-09-13T00:00:00Z,11278,288,,14.0,6.7,
discos-138,explosion,1985-10-21T00:00:00Z,13259,62,battery,,,
discos-159,explosion,1985-11-22T00:00:00Z,16139,20,battery,,,
discos-792,explosion,1985-12-15T00:00:00Z,2253,,unknown,,,
discos-1,explosion,1985-12-28T00:00:00Z,16439,2,propulsion,,,
discos-142,explosion,1985-12-30T00:00:00Z,13923,10,battery,,,
discos-151,explosion,1986-02-23T00:00:00Z,15167,44,unknown,,,
discos-364,explosion,1986-06-09T00:00:00Z,3315,14,propulsion,,,
discos-5,collision,1986-09-05T00:00:00Z,16938,20,,930.0,,
discos-3,explosion,1986-11-13T00:00:00Z,16615,509,propulsion,,,
discos-516,explosion,1986-11-30T00:00:00Z,16657,7,propulsion,,,
discos-128,explosion,1986-11-30T00:00:00Z,12547,2,deliberate,,,
discos-827,explosion,1986-12-02T00:00:00Z,17066,1,unknown,,,
discos-157,explosion,1986-12-18T00:00:00Z,16054,22,unknown,,,
discos-6,explosion,1987-01-29T00:00:00Z,17297,195,deliberate,,,
discos-427,explosion,1987-06-07T00:00:00Z,15876,15,propulsion,,,
discos-834,explosion,1987-06-26T00:00:00Z,18129,2,unknown,,,
discos-8,explosion,1987-07-26T00:00:00Z,18184,8,deliberate,,,
discos-384,explosion,1987-09-15T00:00:00Z,11060,,battery,,,
discos-11,explosion,1987-09-19T00:00:00Z,18352,3,propulsion,,,
discos-4,explosion,1987-09-21T00:00:00Z,16895,3,unknown,,,
discos-456,explosion,1987-10-13T00:00:00Z,18363,6,propulsion,,,
discos-817,explosion,1987-10-23T00:00:00Z,17240,1,unknown,,,
discos-153,explosion,1987-11-20T00:00:00Z,15653,24,unknown,,,
discos-7,explosion,1987-12-17T00:00:00Z,17535,162,battery,,,
discos-156,explosion,1988-01-05T00:00:00Z,15773,5,propulsion,,,
discos-13,explosion,1988-01-31T00:00:00Z,18713,36,deliberate,,,
discos-15,explosion,1988-02-27T00:00:00Z,18823,1,deliberate,,,
discos-110,explosion,1988-05-09T00:00:00Z,11087,43,propulsion,,,
discos-559,explosion,1988-09-02T00:00:00Z,19490,1,propulsion,,,
discos-386,explosion,1988-10-21T00:00:00Z,19332,5,propulsion,,,
discos-387,explosion,1988-11-06T00:00:00Z,19622,8,propulsion,,,
discos-511,explosion,1989-07-26T00:00:00Z,14607,0,propulsion,,,
discos-22,explosion,1989-07-28T00:00:00Z,20124,1,deliberate,,,
discos-462,explosion,1989-07-29T00:00:00Z,20123,1,propulsion,,,
discos-23,explosion,1989-08-31T00:00:00Z,20136,8,deliberate,,,
discos-501,explosion,1989-10-16T00:00:00Z,20262,7,propulsion,,,
discos-29,explosion,1990-10-04T00:00:00Z,20791,103,propulsion,,,
discos-30,explosion,1990-11-30T00:00:00Z,20828,3,deliberate,,,
discos-32,explosion,1990-12-01T00:00:00Z,20978,27,propulsion,,,
discos-148,explosion,1991-02-04T00:00:00Z,14608,7,propulsion,,,
discos-35,explosion,1991-03-05T00:00:00Z,21108,112,propulsion,,,
discos-90,explosion,1991-05-01T00:00:00Z,7946,310,propulsion,,,
discos-333,explosion,1991-08-02T00:00:00Z,21640,0,unknown,,,
discos-815,explosion,1991-10-16T00:00:00Z,21744,0,unknown,,,
discos-39,explosion,1991-12-06T00:00:00Z,21741,13,deliberate,,,
discos-164,collision,1991-12-22T00:00:00Z,18985,2,,,,
discos-2,explosion,1991-12-29T00:00:00Z,16446,16,propulsion,,,
discos-68,explosion,1992-02-21T00:00:00Z,3432,37,propulsion,,,
discos-393,explosion,1992-05-17T00:00:00Z,16528,3,unknown,,,
discos-27,explosion,1992-07-01T00:00:00Z,20399,13,propulsion,,,
discos-152,explosion,1992-09-05T00:00:00Z,15338,23,propulsion,,,
discos-420,explosion,1992-09-15T00:00:00Z,11416,,battery,,,
discos-390,explosion,1992-11-09T00:00:00Z,22206,28,propulsion,,,
discos-700,explosion,1992-12-09T00:00:00Z,20344,66,unknown,,,
discos-19,explosion,1992-12-18T00:00:00Z,19771,2,propulsion,,,
discos-43,explosion,1992-12-26T00:00:00Z,22285,282,propulsion,,,
discos-21,explosion,1993-01-12T00:00:00Z,20116,2,propulsion,,,
discos-42,explosion,1993-02-18T00:00:00Z,22280,5,deliberate,,,
discos-47,explosion,1993-03-28T00:00:00Z,22566,103,propulsion,,,
discos-40,explosion,1993-04-21T00:00:00Z,21941,17,propulsion,,,
discos-49,explosion,1993-04-27T00:00:00Z,22641,1,deliberate,,,
discos-234,explosion,1993-07-25T00:00:00Z,22716,0,deliberate,,,
discos-560,explosion,1993-07-26T00:00:00Z,12553,,battery,,,
discos-147,explosion,1993-10-18T00:00:00Z,14207,57,unknown,,,
discos-235,explosion,1993-12-18T00:00:00Z,22789,2,deliberate,,,
discos-418,explosion,1994-01-04T00:00:00Z,22830,2,propulsion,,,
discos-237,explosion,1994-02-07T00:00:00Z,22974,5,propulsion,,,
discos-37,explosion,1994-04-27T00:00:00Z,21141,11,propulsion,,,
discos-36,explosion,1994-05-07T00:00:00Z,21114,3,propulsion,,,
discos-41,explosion,1994-11-08T00:00:00Z,22067,36,propulsion,,,
discos-48,explosion,1994-12-01T00:00:00Z,22585,1,unknown,,,
discos-242,explosion,1994-12-26T00:00:00Z,23440,27,propulsion,,,
discos-241,explosion,1995-05-11T00:00:00Z,23338,1,propulsion,,,
discos-495,explosion,1995-06-15T00:00:00Z,11416,,battery,,,
discos-239,explosion,1995-10-21T00:00:00Z,23174,2,propulsion,,,
discos-31,explosion,1995-12-14T00:00:00Z,20957,2,propulsion,,,
discos-421,explosion,1996-01-29T00:00:00Z,14190,2,unknown,,,
discos-452,explosion,1996-01-29T00:00:00Z,19920,4,propulsion,,,
discos-246,explosion,1996-02-19T00:00:00Z,23797,1,propulsion,,,
discos-404,explosion,1996-02-23T00:00:00Z,11060,,battery,,,
discos-34,explosion,1996-04-30T00:00:00Z,21057,15,propulsion,,,
discos-238,explosion,1996-06-03T00:00:00Z,23106,754,propulsion,,,
discos-244,collision,1996-07-24T00:00:00Z,23606,1,,,,
discos-437,explosion,1996-09-04T00:00:00Z,24298,,propulsion,,,
discos-12,explosion,1996-12-01T00:00:00Z,18374,54,propulsion,,,
discos-811,explosion,1997-04-02T00:00:00Z,21087,1,unknown,,,
discos-14,explosion,1997-05-22T00:00:00Z,18719,1,propulsion,,,
discos-243,explosion,1997-06-26T00:00:00Z,23596,12,unknown,,,
discos-395,explosion,1997-06-30T00:00:00Z,22519,13,unknown,,,
discos-207,collision,1997-08-01T00:00:00Z,12553,,,,,
discos-248,explosion,1997-09-16T00:00:00Z,24805,1,deliberate,,,
discos-9,explosion,1997-11-27T00:00:00Z,18214,0,unknown,,,
discos-250,explosion,1997-12-25T00:00:00Z,25129,0,propulsion,,,
discos-475,explosion,1998-02-15T00:00:00Z,20170,12,propulsion,,,
discos-10,explosion,1998-02-15T00:00:00Z,18313,108,propulsion,,,
discos-17,explosion,1998-02-17T00:00:00Z,19689,18,propulsion,,,
discos-251,explosion,1998-02-21T00:00:00Z,25176,1,propulsion,,,
discos-415,explosion,1998-02-23T00:00:00Z,24881,1,unknown,,,
discos-33,explosion,1998-03-14T00:00:00Z,21013,1,propulsion,,,
discos-18,explosion,1998-08-03T00:00:00Z,19755,15,propulsion,,,
discos-154,explosion,1998-11-29T00:00:00Z,15714,3,propulsion,,,
discos-16,explosion,1999-03-09T00:00:00Z,19537,78,propulsion,,,
discos-28,explosion,1999-03-28T00:00:00Z,20631,2,propulsion,,,
discos-443,explosion,1999-04-01T00:00:00Z,22118,5,propulsion,,,
discos-26,explosion,1999-04-18T00:00:00Z,20390,25,propulsion,,,
discos-183,explosion,1999-05-01T00:00:00Z,13113,52,unknown,,,
discos-451,explosion,1999-05-05T00:00:00Z,25728,1,propulsion,,,
discos-317,explosion,1999-09-08T00:00:00Z,22803,5,propulsion,,,
discos-38,explosion,1999-10-09T00:00:00Z,21734,41,propulsion,,,
discos-249,explosion,1999-11-22T00:00:00Z,25088,9,unknown,,,
discos-247,explosion,1999-12-13T00:00:00Z,23887,1,propulsion,,,
discos-378,explosion,1999-12-20T00:00:00Z,18953,1,propulsion,,,
discos-252,explosion,2000-03-11T00:00:00Z,25942,343,propulsion,,,
discos-455,explosion,2000-04-15T00:00:00Z,16969,6,battery,,,
discos-471,explosion,2000-09-04T00:00:00Z,19485,11,propulsion,,,
discos-236,explosion,2000-09-07T00:00:00Z,22925,1,propulsion,,,
discos-245,explosion,2000-11-21T00:00:00Z,23631,2,propulsion,,,
discos-20,explosion,2001-01-01T00:00:00Z,19773,87,propulsion,,,
discos-365,explosion,2001-01-05T00:00:00Z,11844,7,deliberate,,,
discos-332,explosion,2001-04-01T00:00:00Z,21610,1,propulsion,,,
discos-257,explosion,2001-06-16T00:00:00Z,21226,1,propulsion,,,
discos-256,explosion,2001-07-14T00:00:00Z,22250,1,propulsion,,,
discos-508,explosion,2001-10-10T00:00:00Z,10970,5,deliberate,,,
discos-255,explosion,2001-11-21T00:00:00Z,26040,16,unknown,,,
discos-505,explosion,2001-12-11T00:00:00Z,27001,0,unknown,,,
discos-254,explosion,2001-12-19T00:00:00Z,26960,373,propulsion,,,
discos-258,explosion,2001-12-24T00:00:00Z,21766,13,propulsion,,,
discos-260,explosion,2002-02-02T00:00:00Z,22032,6,propulsion,,,
discos-192,collision,2002-03-16T00:00:00Z,26997,2,,,,
discos-749,collision,2002-04-11T00:00:00Z,25626,0,,,,
discos-206,collision,2002-04-21T00:00:00Z,6319,1,,,,
discos-259,explosion,2002-07-09T00:00:00Z,19122,7,propulsion,,,
discos-751,explosion,2002-08-15T00:00:00Z,27457,2,propulsion,,,
discos-341,explosion,2002-09-10T00:00:00Z,27518,1,propulsion,,,
discos-442,explosion,2002-12-01T00:00:00Z,27555,8,propulsion,,,
discos-263,explosion,2003-02-21T00:00:00Z,21012,2,propulsion,,,
discos-419,explosion,2003-03-12T00:00:00Z,27692,4,propulsion,,,
discos-476,explosion,2003-03-21T00:00:00Z,1815,2,propulsion,,,
discos-431,explosion,2003-04-09T00:00:00Z,13003,12,propulsion,,,
discos-264,explosion,2003-04-23T00:00:00Z,18375,0,propulsion,,,
discos-381,explosion,2003-06-30T00:00:00Z,13295,3,deliberate,,,
discos-261,explosion,2003-08-04T00:00:00Z,19535,0,propulsion,,,
discos-268,explosion,2003-11-13T00:00:00Z,19856,1,propulsion,,,
discos-262,explosion,2003-12-09T00:00:00Z,27856,21,deliberate,,,
discos-265,explosion,2004-02-28T00:00:00Z,27053,13,unknown,,,
discos-383,explosion,2004-03-04T00:00:00Z,12456,22,unknown,,,
discos-433,explosion,2004-04-02T00:00:00Z,2176,3,unknown,,,
discos-273,explosion,2004-04-15T00:00:00Z,21798,85,propulsion,,,
discos-274,explosion,2004-07-10T00:00:00Z,22066,1,propulsion,,,
discos-275,explosion,2004-10-29T00:00:00Z,27475,1,propulsion,,,
discos-163,collision,2005-01-17T00:00:00Z,7219,6,,,,
discos-315,explosion,2005-02-04T00:00:00Z,15516,5,unknown,,,
discos-468,explosion,2005-02-04T00:00:00Z,11605,90,unknown,,,
discos-326,explosion,2005-02-08T00:00:00Z,13718,5,unknown,,,
discos-450,explosion,2005-02-17T00:00:00Z,28054,5,battery,,,
discos-313,explosion,2005-04-22T00:00:00Z,22273,1,propulsion,,,
discos-166,explosion,2005-04-23T00:00:00Z,22274,1,propulsion,,,
discos-167,explosion,2005-06-01T00:00:00Z,27474,,propulsion,,,
discos-169,explosion,2005-06-21T00:00:00Z,18820,51,unknown,,,
discos-171,collision,2005-06-22T00:00:00Z,20509,1,,,,
discos-168,explosion,2005-06-30T00:00:00Z,27474,,propulsion,,,
discos-401,explosion,2005-10-18T00:00:00Z,1502,27,propulsion,,,
discos-342,explosion,2006-03-13T00:00:00Z,17290,1,unknown,,,
discos-480,explosion,2006-03-24T00:00:00Z,11962,20,unknown,,,
discos-752,collision,2006-03-28T00:00:00Z,28234,0,,,,
discos-472,explosion,2006-04-24T00:00:00Z,16191,4,unknown,,,
discos-371,explosion,2006-04-26T00:00:00Z,28353,3,propulsion,,,
discos-172,explosion,2006-05-04T00:00:00Z,16263,50,propulsion,,,
discos-483,explosion,2006-05-13T00:00:00Z,3094,10,propulsion,,,
discos-173,explosion,2006-06-10T00:00:00Z,20081,119,propulsion,,,
discos-170,explosion,2006-08-27T00:00:00Z,28932,,unknown,,,
discos-176,explosion,2006-09-01T00:00:00Z,26398,1,propulsion,,,
discos-179,explosion,2006-11-04T00:00:00Z,29523,66,unknown,,,
discos-178,explosion,2006-11-17T00:00:00Z,29402,30,deliberate,,,
discos-180,collision,2006-12-03T00:00:00Z,20323,25,,,,
discos-181,explosion,2006-12-28T00:00:00Z,29394,,propulsion,,,
discos-182,collision,2007-01-11T00:00:00Z,25730,3536,,600.0,9.0,
discos-199,explosion,2007-02-02T00:00:00Z,30324,1,propulsion,,,
discos-201,explosion,2007-02-14T00:00:00Z,25054,7,propulsion,,,
discos-200,explosion,2007-02-18T00:00:00Z,25940,90,unknown,,,
discos-202,explosion,2007-02-19T00:00:00Z,28944,109,propulsion,,,
discos-748,collision,2007-05-22T00:00:00Z,27509,0,,,,
discos-195,explosion,2007-07-25T00:00:00Z,29394,,propulsion,,,
discos-213,explosion,2007-11-11T00:00:00Z,32288,31,unknown,,,
discos-385,explosion,2008-02-15T00:00:00Z,13080,2,deliberate,,,
discos-217,collision,2008-02-21T00:00:00Z,29651,174,,20.0,9.8,
discos-218,explosion,2008-03-14T00:00:00Z,29247,509,unknown,,,
discos-389,explosion,2008-05-30T00:00:00Z,13585,2,deliberate,,,
discos-440,explosion,2008-09-06T00:00:00Z,33322,17,propulsion,,,
discos-423,explosion,2008-10-21T00:00:00Z,19070,0,unknown,,,
discos-491,explosion,2009-01-08T00:00:00Z,5106,0,propulsion,,,
discos-375,explosion,2009-01-24T00:00:00Z,33500,10,propulsion,,,
discos-224,collision,2009-02-10T00:00:00Z,22675,2375,,662.0,11.7,
discos-225,explosion,2009-03-08T00:00:00Z,21220,33,propulsion,,,
discos-346,explosion,2009-06-22T00:00:00Z,13736,7,battery,,,
discos-797,explosion,2009-08-15T00:00:00Z,24298,,propulsion,,,
discos-358,explosion,2009-11-23T00:00:00Z,35951,2,battery,,,
discos-184,explosion,2010-02-04T00:00:00Z,29092,7,unknown,,,
discos-780,explosion,2010-08-13T00:00:00Z,18123,,battery,,,
discos-352,explosion,2010-08-17T00:00:00Z,36105,7,propulsion,,,
discos-186,explosion,2010-10-13T00:00:00Z,32709,122,propulsion,,,
discos-187,explosion,2010-11-01T00:00:00Z,37211,61,unknown,,,
discos-188,explosion,2010-11-24T00:00:00Z,19531,2,battery,,,
discos-227,explosion,2011-08-18T00:00:00Z,32399,2,propulsion,,,
discos-438,explosion,2011-10-02T00:00:00Z,21263,4,battery,,,
discos-855,explosion,2011-11-15T00:00:00Z,13027,1,unknown,,,
discos-849,explosion,2011-11-17T00:00:00Z,5705,2,unknown,,,
discos-228,explosion,2011-11-18T00:00:00Z,20630,2,propulsion,,,
discos-229,explosion,2011-12-21T00:00:00Z,38015,39,unknown,,,
discos-190,explosion,2012-02-26T00:00:00Z,38092,41,propulsion,,,
discos-320,explosion,2012-05-18T00:00:00Z,38341,0,propulsion,,,
discos-349,explosion,2012-06-14T00:00:00Z,23845,2,propulsion,,,
discos-497,explosion,2012-06-23T00:00:00Z,14452,3,unknown,,,
discos-330,explosion,2012-07-15T00:00:00Z,23455,1,battery,,,
discos-461,explosion,2012-08-12T00:00:00Z,37151,31,propulsion,,,
discos-230,explosion,2012-10-16T00:00:00Z,38746,116,propulsion,,,
discos-400,explosion,2012-12-16T00:00:00Z,18822,7,battery,,,
discos-436,explosion,2013-01-27T00:00:00Z,39063,1,propulsion,,,
discos-753,collision,2013-05-22T00:00:00Z,29155,0,,,,
discos-515,explosion,2013-09-29T00:00:00Z,39271,24,unknown,,,
discos-367,explosion,2014-03-03T00:00:00Z,39580,1,propulsion,,,
discos-198,collision,2014-04-30T00:00:00Z,25637,7,,,,
discos-209,explosion,2014-05-08T00:00:00Z,23402,2,propulsion,,,
discos-210,explosion,2014-05-08T00:00:00Z,33385,1,propulsion,,,
discos-208,collision,2014-05-10T00:00:00Z,31792,9,,,,
discos-402,explosion,2014-05-22T00:00:00Z,39742,14,propulsion,,,
discos-512,explosion,2014-05-27T00:00:00Z,39771,1,propulsion,,,
discos-231,collision,2014-06-07T00:00:00Z,25106,12,,,,
discos-204,explosion,2014-07-09T00:00:00Z,36406,12,propulsion,,,
discos-205,explosion,2014-08-13T00:00:00Z,32280,25,propulsion,,,
discos-510,explosion,2014-11-23T00:00:00Z,15099,26,unknown,,,
discos-327,explosion,2014-12-05T00:00:00Z,40330,1,propulsion,,,
discos-233,explosion,2015-02-03T00:00:00Z,23533,237,battery,,,
discos-359,explosion,2015-04-15T00:00:00Z,871,0,propulsion,,,
discos-348,explosion,2015-04-20T00:00:00Z,40535,4,propulsion,,,
discos-369,explosion,2015-04-28T00:00:00Z,40619,20,unknown,,,
discos-318,explosion,2015-06-23T00:00:00Z,22782,2,unknown,,,
discos-283,explosion,2015-08-04T00:00:00Z,37756,,unknown,,,
discos-226,explosion,2015-11-25T00:00:00Z,26536,457,battery,,,
discos-285,explosion,2015-12-23T00:00:00Z,38343,1,propulsion,,,
discos-284,explosion,2016-01-16T00:00:00Z,41122,7,propulsion,,,
discos-288,explosion,2016-03-26T00:00:00Z,41337,10,unknown,,,
discos-286,explosion,2016-03-26T00:00:00Z,33472,17,propulsion,,,
discos-289,explosion,2016-06-01T00:00:00Z,33473,1,propulsion,,,
discos-278,explosion,2016-06-29T00:00:00Z,34779,2,propulsion,,,
discos-69,collision,2016-07-18T00:00:00Z,35946,16,,,,
discos-479,explosion,2016-07-26T00:00:00Z,40556,6,propulsion,,,
discos-281,explosion,2016-07-27T00:00:00Z,29680,8,propulsion,,,
discos-282,collision,2016-08-23T00:00:00Z,39634,8,,,,
discos-517,explosion,2016-10-06T00:00:00Z,29957,12,unknown,,,
discos-561,explosion,2017-07-01T00:00:00Z,27820,,unknown,,,
discos-526,explosion,2017-08-25T00:00:00Z,25880,1,propulsion,,,
discos-519,explosion,2017-09-03T00:00:00Z,37143,9,propulsion,,,
discos-612,explosion,2018-02-12T00:00:00Z,43089,5,propulsion,,,
discos-579,explosion,2018-02-28T00:00:00Z,3692,54,propulsion,,,
discos-796,explosion,2018-04-15T00:00:00Z,24298,,propulsion,,,
discos-645,explosion,2018-05-22T00:00:00Z,36407,23,propulsion,,,
discos-646,explosion,2018-08-17T00:00:00Z,39411,1,propulsion,,,
discos-648,explosion,2018-08-24T00:00:00Z,28920,3,propulsion,,,
discos-647,explosion,2018-08-30T00:00:00Z,40209,533,propulsion,,,
discos-649,explosion,2018-12-22T00:00:00Z,25417,14,unknown,,,
discos-655,explosion,2019-02-06T00:00:00Z,43682,0,propulsion,,,
discos-651,explosion,2019-03-25T00:00:00Z,35816,605,propulsion,,,
discos-650,collision,2019-03-27T00:00:00Z,43947,129,,,10.0,
discos-653,explosion,2019-04-06T00:00:00Z,43652,962,propulsion,,,
discos-652,explosion,2019-04-07T00:00:00Z,41308,2,propulsion,,,
discos-690,explosion,2019-05-07T00:00:00Z,8751,1,propulsion,,,
discos-694,explosion,2019-06-05T00:00:00Z,44317,8,unknown,,,
discos-657,explosion,2019-07-22T00:00:00Z,22079,10,propulsion,,,
discos-691,explosion,2019-08-19T00:00:00Z,37144,23,propulsion,,,
discos-705,explosion,2019-09-30T00:00:00Z,44422,9,unknown,,,
discos-703,explosion,2019-10-23T00:00:00Z,29682,4,propulsion,,,
discos-692,explosion,2019-12-18T00:00:00Z,44387,0,unknown,,,
discos-741,explosion,2019-12-22T00:00:00Z,36116,2,propulsion,,,
discos-693,explosion,2019-12-23T00:00:00Z,39497,50,unknown,,,
discos-742,explosion,2020-01-09T00:00:00Z,44421,17,unknown,,,
discos-704,explosion,2020-02-12T00:00:00Z,21656,111,propulsion,,,
discos-740,explosion,2020-05-08T00:00:00Z,37756,,propulsion,,,
discos-743,collision,2020-07-12T00:00:00Z,43673,,,,,
discos-744,explosion,2020-08-27T00:00:00Z,23342,,unknown,,,
discos-763,explosion,2021-03-10T00:00:00Z,27453,114,battery,,,
discos-784,collision,2021-03-18T00:00:00Z,44547,37,,,,
discos-875,explosion,2021-10-24T00:00:00Z,39765,,unknown,,,
discos-861,collision,2021-11-15T00:00:00Z,13552,1808,,,,
discos-877,explosion,2021-11-18T00:00:00Z,25117,14,unknown,,,
discos-876,explosion,2021-11-26T00:00:00Z,45877,29,unknown,,,
discos-882,explosion,2022-04-15T00:00:00Z,32398,2,propulsion,,,
discos-889,collision,2022-07-03T00:00:00Z,43674,7,,,,
discos-890,explosion,2022-11-12T00:00:00Z,54236,790,propulsion,,,
discos-891,explosion,2022-11-17T00:00:00Z,38345,39,unknown,,,
discos-894,explosion,2023-01-04T00:00:00Z,39765,,unknown,,,
discos-895,explosion,2023-02-10T00:00:00Z,55565,5,propulsion,,,
discos-896,explosion,2023-03-11T00:00:00Z,25984,9,unknown,,,
discos-995,explosion,2023-06-29T00:00:00Z,21299,6,battery,,,
discos-945,collision,2023-07-31T00:00:00Z,39162,7,,,,
discos-1060,explosion,2023-10-20T00:00:00Z,4419,0,unknown,,,
discos-1033,explosion,2024-04-02T00:00:00Z,59344,0,propulsion,,,
discos-1053,explosion,2024-04-08T00:00:00Z,26106,0,propulsion,,,
discos-1059,explosion,2024-05-27T00:00:00Z,37806,0,battery,,,
discos-1028,explosion,2024-06-26T00:00:00Z,39186,19,unknown,,,
discos-1035,explosion,2024-07-05T00:00:00Z,60214,0,propulsion,,,
discos-1030,explosion,2024-07-19T00:00:00Z,18123,,battery,,,
discos-1032,explosion,2024-08-06T00:00:00Z,60397,705,propulsion,,,
discos-1054,explosion,2024-09-06T00:00:00Z,43227,843,propulsion,,,
discos-1037,explosion,2024-10-19T00:00:00Z,41748,1086,propulsion,,,
discos-1058,explosion,2024-12-01T00:00:00Z,62187,0,propulsion,,,
discos-1057,explosion,2024-12-19T00:00:00Z,24753,15,battery,,,
discos-1099,explosion,2025-06-01T00:00:00Z,57839,0,unknown,,,
discos-1105,explosion,2025-12-18T00:00:00Z,66629,0,propulsion,,,
discos-1108,explosion,2026-03-29T00:00:00Z,64157,3,propulsion,,,
